"Reporting Business Unit","Country of Origin","Campaign Name","Owner","Campaign Type","Category","Sub-Category","Primary Campaign Purpose","Num Sent in Campaign","Responses in Campaign","Created Date","Start Date","Product of Interest","Campaign Status","Budgeted Cost in Campaign (converted) Currency","Budgeted Cost in Campaign (converted)","Expected Revenue in Campaign (converted) Currency","Expected Revenue in Campaign (converted)","Opportunities in Campaign","Value Opportunities in Campaign Currency","Value Opportunities in Campaign","Won Opportunities in Campaign","Value Won Opportunities in Campaign Currency","Value Won Opportunities in Campaign","Actual Cost in Campaign (converted) Currency","Actual Cost in Campaign (converted)","ROI","Campaign ID","SF Campaign Id"
"LatAmENT","Colombia","LATAM_COL_BOG_ENT_SDWANTour_Nov_2023_SM","Camila Rodriguez","Seminar / Conference","Media","Social Media","Other","0","17","10-25-2023","11-23-2023","Security","In Progress","USD","0.00","USD","0.00","0","USD","0.00","0","USD","0.00","USD","0.00","","7014X0000022qH5QAI","7014X0000022qH5QAI"
"LatAmENT","Colombia","LATAM_COL_ENT_SEGURIDAD_VALLEDUPAR_NOV_2023","Camila Rodriguez","Seminar / Conference","Event","Physical","Other","50","8","11-15-2023","11-15-2023","Security","In Progress","USD","190.00","","","0","USD","0.00","0","USD","0.00","USD","190.00","-100.0000000000","7014X0000022qhpQAA","7014X0000022qhpQAA"
"LatAmENT","Colombia","LATAM_COL_PROD_WHPSEGURITYCM_OCT_2023","Camila Rodriguez","Email","Email","Offer Email","Other","0","0","10-30-2023","10-30-2023","Security","In Progress","USD","200.00","USD","1000.00","0","USD","0.00","0","USD","0.00","USD","200.00","-100.0000000000","7014X0000022qKsQAI","7014X0000022qKsQAI"
"LatAmENT","Colombia","LATAM_COL_BOG_INFO_LINAROZO_DIC_2023","Camila Rodriguez","Email","Email","","Other","0","2","11-29-2023","11-29-2023","PUSH TO TALK","In Progress","","","","","0","USD","0.00","0","USD","0.00","","","","7014X0000022qvTQAQ","7014X0000022qvTQAQ"
"LatAmENT","Colombia","LATAM_Col_Info_Xmas_Dec2023","Camila Rodriguez","Advertisement","Email","","Brand Awareness","0","18","12-14-2023","12-14-2023","PUSH TO TALK","In Progress","","","","","0","USD","0.00","0","USD","0.00","","","","7014X0000022r73QAA","7014X0000022r73QAA"
"LatAmSMB","Colombia","LATAM_COL_Prod_Awareness_Mid_Aug2023","Camila Rodriguez","Email","Email","Offer Email","Lead Generation","2485","4","09-05-2023","09-12-2023","Networking","Completed","USD","200.00","USD","2000.00","0","USD","0.00","0","USD","0.00","USD","200.00","-100.0000000000","7014X0000036WKHQA2","7014X0000036WKHQA2"
"LatAmSMB","Colombia","LATAM_COL_BAQ_SmartmovIlity_MID_JUN_2023","Camila Rodriguez","Seminar / Conference","Event","","Brand Awareness","50","17","06-12-2023","06-15-2023","It Solution; Networking - Wifi","Completed","USD","2000.00","USD","2500.00","21","USD","52655.01","14","USD","15434.04","USD","1721.00","796.8066561994","7014X000002efHLQAY","7014X000002efHLQAY"
"LatAmENT","Colombia","LATAM_COL_Event_IBMBogota_Ent_Jun2023","Camila Rodriguez","Seminar / Conference","Event","Physical","Other","120","0","06-12-2023","06-12-2023","It Solution - IaaS","Aborted","","","","","0","USD","0.00","0","USD","0.00","","","","7014X000002efHVQAY","7014X000002efHVQAY"
"LatAmSMB","Colombia","LATAM_COL_BOG_Fedetec_Mid_Sep_2023","Camila Rodriguez","Tradeshow","Event","Physical","Other","0","0","06-12-2023","09-20-2023","Security; It Solution; Networking","Completed","USD","400.00","USD","2000.00","0","USD","0.00","0","USD","0.00","USD","400.00","-100.0000000000","7014X000002efHfQAI","7014X000002efHfQAI"
"LatAmSMB","Colombia","LATAM_COL_BAQ_MIDB_SEGTOUR_JUN_2023","Camila Rodriguez","Seminar / Conference","Event","Physical","Lead Generation","60","23","06-12-2023","06-14-2023","Security","Completed","USD","2000.00","USD","2500.00","19","USD","470500.40","6","USD","143345.74","USD","1698.00","8342.0339824073","7014X000002efGbQAI","7014X000002efGbQAI"
"LatAmENT","Colombia","LATAM_COL_Prod_SmartSolutions_Ent_Sep2023","Camila Rodriguez","Email","Email","Offer Email","Other","0","1","09-19-2023","09-19-2023","PUSH TO TALK","In Progress","","","","","0","USD","0.00","0","USD","0.00","","","","7014X0000036WlIQAU","7014X0000036WlIQAU"
"LatAmENT","Colombia","LATAM_COL_BAQ_ECODIGMETAVERSO_JUN_2023","Camila Rodriguez","Seminar / Conference","Event","","Sales Tracking","125","37","05-29-2023","06-14-2023","PUSH TO TALK","Completed","USD","3600.00","USD","4000.00","0","USD","0.00","0","USD","0.00","USD","1582.00","-100.0000000000","7014X000002eeIMQAY","7014X000002eeIMQAY"
"LatAmENT","Colombia","LATAM_COL_BAQ_Ent_Probarranquilla_Jun_2023","Camila Rodriguez","Tradeshow","Event","Physical","Lead Generation","","0","09-18-2023","06-01-2023","Networking","Completed","USD","2383.00","USD","10000.00","1","USD","510.64","1","USD","510.64","USD","2383.00","-78.5716198963","7014X0000036Wk0QAE","7014X0000036Wk0QAE"
"LatAmENT","Colombia","LATAM_COL_BOG_EVENT_AssesmentMeet_2024","Camila Rodriguez","Advertisement","","","Lead Generation","0","0","04-01-2024","05-18-2024","Cloud IT; Networking & Connectivity; Security","Aborted","USD","2000.00","","","0","USD","0.00","0","USD","0.00","","","","7014X000002exhdQAA","7014X000002exhdQAA"
"LatAmENT","Colombia","LATAM_COL_CAL_EVENT_VulnerabilityOTF_APR2024","Camila Rodriguez","Advertisement","Event","One-to-Few","Lead Generation","0","0","04-01-2024","04-18-2024","Security","Completed","USD","1200.00","","","1","USD","10415.33","0","USD","0.00","USD","791.00","-100.0000000000","7014X000002exhxQAA","7014X000002exhxQAA"
"LatAmENT","Colombia","LATAM_COL_BOG_EVENT_AntiramsomwareMeetings_JUN2024","Camila Rodriguez","Advertisement","","","Lead Generation","0","0","04-05-2024","07-20-2024","Security","Planned","USD","1500.00","","","0","USD","0.00","0","USD","0.00","","","","7014X000002exwgQAA","7014X000002exwgQAA"
"LatAmENT","Colombia","LATAM_COL_MED_EVENT_AntiramsomwareMeetings_JUL2024","Camila Rodriguez","Advertisement","Event","One-to-Few","Lead Generation","0","0","04-05-2024","07-18-2024","Security","Planned","USD","1500.00","","","0","USD","0.00","0","USD","0.00","","","","7014X000002exwhQAA","7014X000002exwhQAA"
"LatAmENT","Colombia","LATAM_COL_Costa_EVENT_OTF(VAL,SIN,MONT)_2024","Camila Rodriguez","Advertisement","","","Lead Generation","0","0","04-01-2024","06-17-2024","Cloud IT; Networking & Connectivity; Security","Planned","USD","3000.00","","","0","USD","0.00","0","USD","0.00","","","","7014X000002exi2QAA","7014X000002exi2QAA"
"LatAmSMB","Colombia","LATAM_COL__EVENT_CFXMeetings_MID_2024","Camila Rodriguez","Advertisement","","","Lead Generation","0","0","04-01-2024","04-17-2024","Networking & Connectivity","In Progress","USD","2400.00","","","0","USD","0.00","0","USD","0.00","","","","7014X000002exhJQAQ","7014X000002exhJQAQ"
"LatAmENT","Colombia","LATAM_COL_CAL_EVENT_AntiramsomwareMeetings_JUN2024","Camila Rodriguez","Advertisement","Event","One-to-Few","Lead Generation","0","0","04-05-2024","07-17-2024","Security","Planned","USD","1500.00","","","0","USD","0.00","0","USD","0.00","","","","7014X000002exwnQAA","7014X000002exwnQAA"
"LatAmENT","Colombia","LATAM_COL_CAL_EVENT_CTNubePublica_MAY2024","Camila Rodriguez","Advertisement","Event","One-to-Few","Lead Generation","0","0","04-05-2024","06-21-2024","Cloud IT","In Progress","USD","1500.00","","","0","USD","0.00","0","USD","0.00","","","","7014X000002exwoQAA","7014X000002exwoQAA"
"LatAmENT","Colombia","COL_Event_Healthcare_Ent_Feb2023","Camila Rodriguez","Seminar / Conference","Event","Physical","Lead Generation","25","0","01-22-2023","02-16-2023","Security; It Solution; Networking","Completed","USD","3000.00","USD","3500.00","3","USD","33395.74","0","USD","0.00","USD","2090.00","-100.0000000000","7014X000001ykqXQAQ","7014X000001ykqXQAQ"
"","Colombia","NETWORKS_COL_VEN_FITELVEN_SEP_2023","Camila Rodriguez","Tradeshow","Event","Physical","Other","0","0","09-11-2023","09-20-2023","Networking","Completed","USD","5000.00","USD","10000.00","4","USD","6720000.00","3","USD","600000.00","USD","4575.00","13014.7540983607","7014X0000036WTdQAM","7014X0000036WTdQAM"
"","Colombia","Networks_COL_SantaMarta_EXpoISP_2023","Camila Rodriguez","Tradeshow","Event","Physical","Brand Awareness","0","5","09-11-2023","10-26-2023","Networking","Completed","USD","4500.00","USD","15000.00","5","USD","237307.91","5","USD","237307.91","USD","4500.00","5173.5092198582","7014X0000036WTEQA2","7014X0000036WTEQA2"
"LatAmENT","Colombia","LATAM_Col_Info_PasarelaPagos_Ent_Mar2024","Camila Rodriguez","Advertisement","Other","Other","Operational","0","0","03-27-2024","03-27-2024","Other","In Progress","","","","","0","USD","0.00","0","USD","0.00","","","","7014X0000022sE5QAI","7014X0000022sE5QAI"
"LatAmENT","Colombia","LATAM_COL_MED_EVENT_CTNubePublicad_MAY2024","Camila Rodriguez","Advertisement","","","Lead Generation","0","0","04-05-2024","05-09-2024","Cloud IT","In Progress","USD","1500.00","","","0","USD","0.00","0","USD","0.00","","","","7014X000002exwsQAA","7014X000002exwsQAA"
"LatAmENT","Colombia","LATAM_COL_BUC_EVENT_CTNubePublicad_MAY2024","Camila Rodriguez","Advertisement","","","Lead Generation","0","0","04-05-2024","05-23-2024","Cloud IT","Planned","USD","1500.00","","","0","USD","0.00","0","USD","0.00","","","","7014X000002exwtQAA","7014X000002exwtQAA"
"LatAmENT","Colombia","LATAM_COL_BOG_EVENT_Golf_JUN2024","Camila Rodriguez","Advertisement","Event","One-to-Few","Lead Generation","0","0","04-05-2024","06-19-2024","Cloud IT; Networking & Connectivity; Security","Planned","USD","2500.00","","","0","USD","0.00","0","USD","0.00","","","","7014X000002exwuQAA","7014X000002exwuQAA"
"LatAmSMB","Colombia","LATAM_COL__EVENT_DatacenterMeet_MID_2024","Camila Rodriguez","Advertisement","","","Lead Generation","0","0","04-01-2024","04-17-2024","Cloud IT","In Progress","USD","1200.00","","","0","USD","0.00","0","USD","0.00","","","","7014X000002exhOQAQ","7014X000002exhOQAQ"
"LatAmSMB","Colombia","LATAM_COL_LEADSMID_2024","Camila Rodriguez","Advertisement","","","Lead Generation","0","0","04-09-2024","01-01-2024","Cloud IT; Networking & Connectivity; Security","In Progress","USD","0.00","","","7","USD","74310.88","5","USD","69674.52","USD","0.00","","7014X000002ey2RQAQ","7014X000002ey2RQAQ"
"LatAmENT","Colombia","LATAM_COL_BOG_EVENT_EliteConnections_JUL2024","Camila Rodriguez","Advertisement","Event","One-to-Few","Lead Generation","0","0","04-01-2024","07-22-2024","Cloud IT; Networking & Connectivity; Security","Planned","USD","6000.00","","","0","USD","0.00","0","USD","0.00","","","","7014X000002exhsQAA","7014X000002exhsQAA"
"LatAmENT","Colombia","LATAM_COL_CTG_EVENT_BreakfastMeetings_2024","Camila Rodriguez","Advertisement","","","Lead Generation","0","0","04-01-2024","08-08-2024","Cloud IT; Networking & Connectivity; Security","Planned","USD","2000.00","","","0","USD","0.00","0","USD","0.00","","","","7014X000002exprQAA","7014X000002exprQAA"
"LatAmENT","Colombia","LATAM_COL_TELEMARKETING_Palmera_2023","Camila Rodriguez","Telemarketing","Call Center","","Lead Generation","0","10","06-05-2023","01-01-2023","Security; It Solution; Networking; UC&C","In Progress","","","","","10","USD","19530.87","0","USD","0.00","","","","7014X000002eerCQAQ","7014X000002eerCQAQ"
"","Colombia","NETWORKS_Event_AndinaLink_Mar2023","Camila Rodriguez","Tradeshow","Event","","Lead Generation","3374","5","01-30-2023","03-07-2023","Networking","Completed","USD","16000.00","USD","40000.00","12","USD","3406631.82","10","USD","3456631.82","USD","16000.00","21503.9488882979","7014X000001ylalQAA","7014X000001ylalQAA"
"LatAmENT","Colombia","LATAM_COL_BOG_AUnaTorreDeDistancia_Ent_Mar2023","Camila Rodriguez","Seminar / Conference","Event","Physical","Lead Generation","30","0","02-06-2023","03-01-2023","Security; It Solution","Completed","USD","500.00","USD","1000.00","3","USD","10651.71","1","USD","1251.06","USD","455.00","174.9590834697","7014X000001ym7QQAQ","7014X000001ym7QQAQ"
"LatAmENT","Colombia","LATAM_COL_Prod_EMISProspecting_Ent_Feb2023","Camila Rodriguez","Email","Email","Offer Email","Other","3369","0","02-20-2023","02-20-2023","Networking","Completed","USD","200.00","USD","2000.00","0","USD","0.00","0","USD","0.00","USD","200.00","-100.0000000000","7014X000001ynS7QAI","7014X000001ynS7QAI"
"LatAmENT","Colombia","COL_Prod_ProspectingJulian_Ent_Feb2023","Camila Rodriguez","Email","Email","Offer Email","Lead Generation","2343","3","01-30-2023","02-06-2023","Security; It Solution; Networking; UC&C","Completed","USD","200.00","USD","1000.00","3","USD","8228.94","2","USD","8228.94","USD","200.00","4014.4680851064","7014X000001ylagQAA","7014X000001ylagQAA"
"LatAmENT","Colombia","LATAM_COL_BOG_ENT_EDURODIZIO_MAR_2023","Camila Rodriguez","Seminar / Conference","Event","Physical","Sales Tracking","20","15","04-28-2023","03-30-2023","Security; Networking - Wifi","Completed","USD","500.00","USD","2000.00","3","USD","272312.26","0","USD","0.00","USD","125.00","-100.0000000000","7014X000002POkwQAG","7014X000002POkwQAG"
"LatAmENT","Colombia","LATAM_COL_CAL_ENT_PANELMUJERES_APR_2023","Camila Rodriguez","Seminar / Conference","Event","Physical","Brand Awareness","70","32","04-19-2023","05-18-2023","PUSH TO TALK","Completed","USD","3500.00","USD","7500.00","5","USD","571458.06","4","USD","65926.15","USD","3567.00","1748.2239325734","7014X000002PO6cQAG","7014X000002PO6cQAG"
"LatAmENT","Colombia","LATAM_COL_CTG_ENT_EXPATAQUECIBER_APR_2023","Camila Rodriguez","Seminar / Conference","Event","Physical","Sales Tracking","100","5","04-11-2023","04-18-2023","PUSH TO TALK","Completed","USD","900.00","USD","1000.00","3","USD","-489.34","2","USD","97.04","USD","250.00","-61.1838638298","7014X000002PNTBQA4","7014X000002PNTBQA4"
"LatAmENT","Colombia","LATAM_COL_BOG_ENT_EMAILFASTTRACK_Q2_2023","Camila Rodriguez","Special Events","Event","Physical","Other","0","0","04-19-2023","04-19-2023","PUSH TO TALK","Aborted","","","","","0","USD","0.00","0","USD","0.00","","","","7014X000002PO6rQAG","7014X000002PO6rQAG"
"LatAmENT","Colombia","LATAM_COL_BOG_ENT_RETSUSHI_APR_2023","Camila Rodriguez","Seminar / Conference","Event","Physical","Sales Tracking","125","25","04-06-2023","04-26-2023","Security; It Solution","Completed","USD","1200.00","USD","3500.00","6","USD","394915.10","3","USD","173910.81","USD","1120.00","15427.7508375760","7014X000002PN6bQAG","7014X000002PN6bQAG"
"LatAmENT","Colombia","LATAM_COL_MED_ENT_ACTCOLOMBIANA_MAY_2023","Camila Rodriguez","Seminar / Conference","Event","Physical","Brand Awareness","662","66","04-19-2023","05-25-2023","PUSH TO TALK","Completed","USD","4500.00","USD","3000.00","17","USD","6235402.37","9","USD","4700177.67","USD","8475.00","55359.3235744681","7014X000002POA0QAO","7014X000002POA0QAO"
"LatAmSMB","Colombia","LATAM_Col_Prod_CloseLost_Mid_Mar2023","Camila Rodriguez","Email","Email","Offer Email","Other","0","0","03-16-2023","03-16-2023","PUSH TO TALK","Aborted","","","","","0","USD","0.00","0","USD","0.00","","","","7014X000001ypEsQAI","7014X000001ypEsQAI"
"LatAmENT","Colombia","LATAM_COL_BOG_EMAILMARKETINGQ2_MAY_2023","Camila Rodriguez","Email","Email","Offer Email","Lead Generation","9416","8","05-09-2023","05-09-2023","Networking","Completed","USD","200.00","USD","1000.00","0","USD","0.00","0","USD","0.00","USD","200.00","-100.0000000000","7014X000002PPYXQA4","7014X000002PPYXQA4"
"LatAmENT","Colombia","LATAM_COL_BAQ_ENT_EXPATAQUECIBER_APR_2023","Camila Rodriguez","Seminar / Conference","Event","Physical","Sales Tracking","100","3","04-11-2023","04-19-2023","Security","Completed","USD","900.00","USD","1000.00","3","USD","3520.64","2","USD","3520.64","USD","250.00","1308.2553191489","7014X000002PNT6QAO","7014X000002PNT6QAO"
"","Colombia","NETWORKS_Event_MetroConnectUSA_Jan_2023","Camila Rodriguez","Tradeshow","Event","","Other","0","0","03-29-2023","01-30-2023","Networking","Completed","USD","15000.00","","","11","USD","7250829.44","4","USD","3593400.00","USD","15000.00","23856.0000000000","7014X000002PMZHQA4","7014X000002PMZHQA4"
"LatAmENT","Colombia","LATAM_COL_MED_ENT_CONSSEGURIDAD_APR_2023","Camila Rodriguez","Email","Email","Offer Email","Other","0","4","04-11-2023","04-11-2023","Security","Aborted","","","","","0","USD","0.00","0","USD","0.00","","","","7014X000002PNLvQAO","7014X000002PNLvQAO"
"LatAmENT","Colombia","LATAM_COL_Info_Rebranding_Ent_May2023","Camila Rodriguez","Email","Email","Offer Email","Brand Awareness","1091","4","05-15-2023","05-15-2023","PUSH TO TALK","Completed","USD","200.00","USD","0.00","0","USD","0.00","0","USD","0.00","USD","200.00","-100.0000000000","7014X000002edC3QAI","7014X000002edC3QAI"
"LatAmENT","Colombia","LATAM_COL_CAL_ENT_ACTCOLOMBIANA_MAY_2023","Camila Rodriguez","Special Events","Event","Physical","Other","0","0","04-19-2023","04-19-2023","PUSH TO TALK","Aborted","","","","","0","USD","0.00","0","USD","0.00","","","","7014X000002PO9vQAG","7014X000002PO9vQAG"
"LatAmSMB","Colombia","LATAM_Col_Prod_CloseLost_Mid_Apr2023","Camila Rodriguez","Email","Email","Offer Email","Brand Awareness","","0","03-29-2023","03-29-2023","PUSH TO TALK","Aborted","","","","","0","USD","0.00","0","USD","0.00","","","","7014X000002PMaAQAW","7014X000002PMaAQAW"
"LatAmENT","Colombia","LATAM_COL_BUC_ENT_LOGWARS_JUN_2023","Camila Rodriguez","Special Events","Event","","Other","0","0","04-19-2023","04-19-2023","PUSH TO TALK","Aborted","","","","","0","USD","0.00","0","USD","0.00","","","","7014X000002POAKQA4","7014X000002POAKQA4"
"LatAmENT","Colombia","LATAM_COL_CTG_ENT_LOGWARS_JUN_2023","Camila Rodriguez","Seminar / Conference","Event","Physical","Sales Tracking","40","26","04-19-2023","07-13-2023","Security","Completed","USD","900.00","USD","3000.00","0","USD","0.00","0","USD","0.00","USD","705.00","-100.0000000000","7014X000002POAAQA4","7014X000002POAAQA4"
"LatAmENT","Colombia","LATAM_COL_ENT_OTFDATACENTER_Q2_2023","Camila Rodriguez","One-to-One Sessions","Event","Physical","Sales Tracking","20","12","04-17-2023","05-10-2023","It Solution","Completed","USD","9000.00","USD","12000.00","6","USD","1124290.59","2","USD","148546.38","USD","8163.00","1719.7523334402","7014X000002PNwcQAG","7014X000002PNwcQAG"
"LatAmSMB","Colombia","LATAM_COL_BAQ_MIDB_SEGTOUR_JUN_2023","Camila Rodriguez","Seminar / Conference","Event","Physical","Lead Generation","","0","05-05-2023","06-14-2023","Security","Aborted","USD","2000.00","USD","2500.00","0","USD","0.00","0","USD","0.00","USD","1698.00","-100.0000000000","7014X000002PPDqQAO","7014X000002PPDqQAO"
"LatAmSMB","Colombia","LATAM_COL_BOG_MIDB_SEGTOUR_MAY_2023","Camila Rodriguez","Seminar / Conference","Event","Physical","Lead Generation","50","26","05-05-2023","05-16-2023","Security","Completed","USD","2000.00","USD","2500.00","9","USD","57131.91","3","USD","9104.68","USD","1192.00","663.8155076396","7014X000002PPDlQAO","7014X000002PPDlQAO"
"LatAmSMB","Colombia","LATAM_COL_MED_MIDB_SEGTOUR_JUN_2023","Camila Rodriguez","Seminar / Conference","Event","Physical","Lead Generation","65","25","05-05-2023","06-02-2023","Security","Completed","USD","2000.00","USD","2500.00","11","USD","202472.40","2","USD","38954.53","USD","1651.00","2259.4504942201","7014X000002PPDmQAO","7014X000002PPDmQAO"
"LatAmENT","Colombia","LATAM_COL_CTG_ECODIGMETAVERSO_JUN_2023","Camila Rodriguez","Seminar / Conference","Event","Physical","Sales Tracking","125","32","04-17-2023","06-15-2023","Security; It Solution","Completed","USD","4500.00","USD","3000.00","0","USD","0.00","0","USD","0.00","USD","3998.00","-100.0000000000","7014X000002PNx1QAG","7014X000002PNx1QAG"
"LatAmENT","Colombia","LATAM_COL_CUC_REBRANDING_MAY_2023","Camila Rodriguez","Seminar / Conference","Event","Physical","Lead Generation","125","11","04-19-2023","05-17-2023","PUSH TO TALK","Completed","USD","2000.00","USD","500.00","3","USD","18357.71","0","USD","0.00","USD","1304.00","-100.0000000000","7014X000002PO9qQAG","7014X000002PO9qQAG"
"LatAmENT","Colombia","LATAM_COL_BOG_BrightPattern_Ent_Jul_2023","Camila Rodriguez","Seminar / Conference","Event","Physical","Sales Tracking","30","19","08-04-2023","07-27-2023","UC&C - CCoD","Completed","USD","1500.00","USD","2500.00","1","USD","2553.19","0","USD","0.00","USD","800.00","-100.0000000000","7014X000002emkWQAQ","7014X000002emkWQAQ"
"","Colombia","NETWORKS_Info_RazonSocial_Ent_Jul2023","Camila Rodriguez","Email","Email","Offer Email","Other","856","0","07-21-2023","07-21-2023","PUSH TO TALK","Completed","USD","200.00","USD","0.00","0","USD","0.00","0","USD","0.00","USD","200.00","-100.0000000000","7014X000002ej8MQAQ","7014X000002ej8MQAQ"
"","Colombia","NETWORKS_Event_Andicom__Sep2023","Camila Rodriguez","Tradeshow","Email","Offer Email","Brand Awareness","37265","573","07-14-2023","09-06-2023","Networking","Completed","USD","0.00","USD","0.00","0","USD","0.00","0","USD","0.00","","","","7014X000002ehgqQAA","7014X000002ehgqQAA"
"","Colombia","LATAM_COL_EducationSummit_Feb_2024","Camila Rodriguez","Special Events","Event","Physical","Sales Tracking","20","0","08-04-2023","02-07-2024","It Solution; Networking","Planned","USD","30000.00","USD","100000.00","0","USD","0.00","0","USD","0.00","","","","7014X000002emkHQAQ","7014X000002emkHQAQ"
"LatAmENT","Colombia","LATAM_COL_BOG_IBMBogota_Ent_Jun2023","Camila Rodriguez","Tradeshow","Event","Physical","Sales Tracking","120","0","07-17-2023","06-12-2023","It Solution - IaaS","Completed","USD","200.00","USD","0.00","1","USD","65106.38","1","USD","65106.38","USD","200.00","32453.1914893617","7014X000002ehs3QAA","7014X000002ehs3QAA"
"LatAmENT","Colombia","LATAM_COL_BAQ_EVENT_VulnerabilityOTF_APR2024","Camila Rodriguez","Advertisement","Event","One-to-Few","Lead Generation","0","0","04-05-2024","04-17-2024","Security","Completed","USD","1500.00","","","0","USD","0.00","0","USD","0.00","USD","1003.00","-100.0000000000","7014X000002exwYQAQ","7014X000002exwYQAQ"
"LatAmENT","Colombia","LATAM_COL_MED_EVENT_VulnerabilityOTF_APR2024","Camila Rodriguez","Advertisement","Event","One-to-Few","Lead Generation","0","0","04-05-2024","04-19-2024","Security","Completed","USD","1500.00","","","0","USD","0.00","0","USD","0.00","USD","902.00","-100.0000000000","7014X000002exwdQAA","7014X000002exwdQAA"
"LatAmENT","Colombia","LATAM_COL_Costa_EVENT_DatacenterMeet_FEB2024","Camila Rodriguez","Advertisement","","","Lead Generation","0","0","04-05-2024","02-21-2024","Cloud IT","Completed","USD","700.00","","","1","USD","142114.56","1","USD","142114.56","USD","312.00","45449.5370770961","7014X000002exweQAA","7014X000002exweQAA"
"LatAmENT","Colombia","LATAM_COL_BAQ_EVENT_AntiramsomwareMeetings_JUN2024","Camila Rodriguez","Advertisement","Event","One-to-Few","Lead Generation","0","0","04-05-2024","07-19-2024","Security","Planned","USD","1500.00","","","0","USD","0.00","0","USD","0.00","","","","7014X000002exwfQAA","7014X000002exwfQAA"
"LatAmENT","Colombia","LATAM_COL_BAQ_EVENT_ProbarranquillaDonación _2024","Camila Rodriguez","Advertisement","Event","Partner/Sponsor","Brand Awareness","0","0","04-01-2024","04-30-2024","Cloud IT; Networking & Connectivity; None; Security","In Progress","USD","2500.00","","","0","USD","0.00","0","USD","0.00","","","","7014X000002exhYQAQ","7014X000002exhYQAQ"
"","Colombia","LATAM_COL_BUC_EVENT_ZFMeet_AGO2024","Camila Rodriguez","Advertisement","","","Lead Generation","0","0","04-01-2024","08-15-2024","Cloud IT; Networking & Connectivity; Security","Planned","USD","1200.00","","","0","USD","0.00","0","USD","0.00","","","","7014X000002exphQAA","7014X000002exphQAA"
"LatAmENT","Colombia","LATAM_COL_Costa_EVENT_CFXMeetings _2024","Camila Rodriguez","Advertisement","","","Lead Generation","0","0","04-01-2024","05-11-2024","Networking & Connectivity","Planned","USD","1500.00","","","0","USD","0.00","0","USD","0.00","","","","7014X000002exi7QAA","7014X000002exi7QAA"
"LatAmSMB","Colombia","LATAM_COL__EVENT_TomaEdificios_MID_2024","Camila Rodriguez","Advertisement","","","Lead Generation","0","0","04-01-2024","05-17-2024","Cloud IT; Networking & Connectivity; Security","Planned","USD","2000.00","","","0","USD","0.00","0","USD","0.00","","","","7014X000002exhTQAQ","7014X000002exhTQAQ"
"LatAmENT","Colombia","LATAM_COL_BOG_EVENT_BreakfastMeetings_2024","Camila Rodriguez","Advertisement","Event","One-to-One","Lead Generation","0","0","04-01-2024","05-08-2024","Cloud IT; Networking & Connectivity; Security","In Progress","USD","6000.00","","","0","USD","0.00","0","USD","0.00","USD","283.00","-100.0000000000","7014X000002exhnQAA","7014X000002exhnQAA"
"","Colombia","LATAM_COL_prod_SmartSolutions_Mid_Jan_2024","Camila Rodriguez","Email","Email","Offer Email","Other","0","0","09-13-2023","01-20-2024","Security; Networking","In Progress","","","","","0","USD","0.00","0","USD","0.00","","","","7014X0000036WbDQAU","7014X0000036WbDQAU"
"LatAmENT","Colombia","LATAM_COL_LEADSENT_2024","Camila Rodriguez","Advertisement","Website","","Lead Generation","0","0","05-01-2024","01-01-2024","Cloud IT; Networking & Connectivity; Security","In Progress","USD","0.00","","","0","USD","0.00","0","USD","0.00","USD","0.00","","7014X000002ezCLQAY","7014X000002ezCLQAY"
"LatAmENT","Colombia","LATAM_COL_BOG_ENT_SDWANTour_Nov_2023","Camila Rodriguez","Seminar / Conference","Event","Physical","Sales Tracking","","394","09-18-2023","11-23-2023","Security","In Progress","USD","1500.00","USD","3000.00","1","USD","78515.91","0","USD","0.00","USD","1500.00","-100.0000000000","7014X0000036WixQAE","7014X0000036WixQAE"
"LatAmENT","Colombia","col_prod_topaccounts_ent_2023","Camila Rodriguez","Email","Email","Offer Email","Lead Generation","117","0","02-08-2023","02-20-2023","Security; It Solution; Networking","Completed","USD","4666.00","USD","0.00","0","USD","0.00","0","USD","0.00","USD","298.00","-100.0000000000","7014X000001ymMGQAY","7014X000001ymMGQAY"
"LatAmSMB","Colombia","LATAM_COL_MED_OnetoFewMed_Mid_Mar2023","Camila Rodriguez","Seminar / Conference","Event","Physical","Sales Tracking","50","0","02-06-2023","03-02-2023","Security; Networking","Completed","USD","2200.00","USD","3000.00","25","USD","433227.12","11","USD","82856.34","USD","2143.00","3766.3713426202","7014X000001ym7GQAQ","7014X000001ym7GQAQ"
"LatAmENT","Colombia","LATAM_COL_Info_RazonSocial_Ent_Jul2023","Camila Rodriguez","Email","Email","Offer Email","Other","542","1","07-14-2023","07-14-2023","PUSH TO TALK","Completed","USD","200.00","USD","0.00","0","USD","0.00","0","USD","0.00","USD","200.00","-100.0000000000","7014X000002ehgRQAQ","7014X000002ehgRQAQ"
"","Colombia","LATAM_COL_BAQ_EVENT_CTNubePublica_JUN2024","Camila Rodriguez","Advertisement","Event","One-to-Few","Lead Generation","0","0","04-01-2024","06-23-2024","Cloud IT; Networking & Connectivity; Security","In Progress","USD","1200.00","","","0","USD","0.00","0","USD","0.00","","","","7014X000002expmQAA","7014X000002expmQAA"
"LatAmENT","Colombia","LATAM_COL_BUC_EVENT_Vulnerability_May2024","Camila Rodriguez","Advertisement","Event","One-to-Few","Lead Generation","0","0","04-05-2024","05-23-2024","Security","Completed","USD","1500.00","","","0","USD","0.00","0","USD","0.00","USD","931.00","-100.0000000000","7014X000002exwiQAA","7014X000002exwiQAA"
"LatAmENT","Colombia","LATAM_COL_MED_ENT_SDWANTour_Nov_2023","Camila Rodriguez","Seminar / Conference","Event","Physical","Sales Tracking","","61","09-18-2023","11-02-2023","Security","Completed","USD","1500.00","USD","3000.00","0","USD","0.00","0","USD","0.00","USD","1500.00","-100.0000000000","7014X0000036WisQAE","7014X0000036WisQAE"
"NetworksRegional","Colombia","NETWORKS_Event_AndinaLink_Mar2024","Camila Rodriguez","Advertisement","Event","Physical","Lead Generation","0","259","01-30-2024","01-30-2024","Networking & Connectivity","Completed","USD","19000.00","","","0","USD","0.00","0","USD","0.00","USD","15868.00","-100.0000000000","7014X000002zT3gQAE","7014X000002zT3gQAE"
"LatAmENT","Colombia","LATAM_COL_BOG_ENT_ACTCOLOMBIANA_MAY_2023","Camila Rodriguez","Seminar / Conference","Event","Physical","Brand Awareness","125","26","04-19-2023","05-25-2023","PUSH TO TALK","Completed","USD","4500.00","USD","3000.00","4","USD","1157493.23","1","USD","1095502.79","USD","1730.00","63223.8609203050","7014X000002PO9gQAG","7014X000002PO9gQAG"
"LatAmENT","Colombia","LATAM_COL_BAQ_ENT_LOGWARS_JUN_2023","Camila Rodriguez","Seminar / Conference","Event","Physical","Sales Tracking","40","23","04-19-2023","07-11-2023","Security","Completed","USD","900.00","USD","3000.00","0","USD","0.00","0","USD","0.00","USD","100.00","-100.0000000000","7014X000002POA5QAO","7014X000002POA5QAO"
"","Colombia","NETWORKS_ITW_2023","Camila Rodriguez","Tradeshow","Event","Physical","Other","0","0","03-20-2023","03-20-2023","Networking","Completed","","","","","0","USD","0.00","0","USD","0.00","","","","7014X000001ypL5QAI","7014X000001ypL5QAI"
"","Colombia","NETWORKS_Event_Andicom_Ent_Jul2023_e","Camila Rodriguez","Tradeshow","Email","Offer Email","Brand Awareness","37265","515","07-14-2023","09-06-2023","Networking","Completed","","","","","0","USD","0.00","0","USD","0.00","","","","7014X000002ehgvQAA","7014X000002ehgvQAA"
"LatAmSMB","Colombia","LATAM_COL_BOG_DesafiandoLosLimites_Mid_Nov_2023","Camila Rodriguez","Seminar / Conference","Event","Physical","Sales Tracking","100","40","08-04-2023","11-23-2023","Networking","Completed","USD","2000.00","USD","2500.00","0","USD","0.00","0","USD","0.00","USD","1220.00","-100.0000000000","7014X000002emkbQAA","7014X000002emkbQAA"
"LatAmSMB","Colombia","LATAM_COL_BQ_DesafiandoLosLimites_Mid_OCT_2023","Camila Rodriguez","Seminar / Conference","Event","Physical","Sales Tracking","100","12","08-04-2023","10-19-2023","Networking","Completed","USD","2000.00","USD","2500.00","6","USD","71385.40","1","USD","2429.70","USD","1325.00","83.3733047520","7014X000002emkgQAA","7014X000002emkgQAA"
"LatAmSMB","Colombia","LATAM_COL_MED_DesafiandoLosLimites_Mid_Nov_2023","Camila Rodriguez","Seminar / Conference","Event","Physical","Sales Tracking","100","24","08-04-2023","11-02-2023","Networking","Completed","USD","2000.00","USD","2500.00","0","USD","0.00","0","USD","0.00","USD","1388.00","-100.0000000000","7014X000002emklQAA","7014X000002emklQAA"
"LatAmENT","Colombia","LATAM_COL_Enterprise_Event_VIPLinks_Jun2023","Camila Rodriguez","Special Events","Event","Physical","Sales Tracking","30","13","07-18-2023","06-21-2023","Security; It Solution","Completed","USD","52500.00","USD","25000.00","36","USD","2650458.59","19","USD","827455.11","USD","65279.00","1167.5670763495","7014X000002eiNxQAI","7014X000002eiNxQAI"
"LatAmENT","Colombia","LATAM_COL_Prod_CloudInterconnnect_Ent_Aug2023","Camila Rodriguez","Email","Email","Offer Email","Other","23719","17","08-02-2023","08-18-2023","It Solution","Completed","USD","200.00","USD","2000.00","0","USD","0.00","0","USD","0.00","USD","200.00","-100.0000000000","7014X000002elXWQAY","7014X000002elXWQAY"
"LatAmENT","Colombia","LATAM_COL_Event_LogwarsMedellin_Ent_Aug2023","Camila Rodriguez","Seminar / Conference","Event","Physical","Sales Tracking","50","42","08-02-2023","08-24-2023","Security","Completed","USD","1500.00","USD","2500.00","1","USD","708013.50","0","USD","0.00","USD","1000.00","-100.0000000000","7014X000002eldbQAA","7014X000002eldbQAA"
"LatAmENT","Colombia","LATAM_COL_Event_Andicom_Ent_Sep2023","Camila Rodriguez","Tradeshow","Event","","Brand Awareness","9362","573","07-14-2023","09-06-2023","Security; It Solution; Networking","Completed","USD","41000.00","USD","60000.00","10","USD","1217893.13","2","USD","272209.79","USD","39778.00","584.3224577255","7014X000002ehggQAA","7014X000002ehggQAA"
"LatAmENT","Colombia","LATAM_COL_Event_CiscoCali_Ent_Aug2023","Camila Rodriguez","Seminar / Conference","Event","","Sales Tracking","88","48","07-31-2023","08-17-2023","UC&C","Completed","USD","0.00","USD","2000.00","2","USD","9070.87","0","USD","0.00","USD","0.00","","7014X000002el8lQAA","7014X000002el8lQAA"
"LatAmENT","Colombia","LATAM_COL_BUC_AtaqueCibernetico_Ent_Sep2023","Camila Rodriguez","Seminar / Conference","Event","","Lead Generation","115","39","08-25-2023","09-15-2023","Security","Completed","USD","1000.00","USD","2500.00","5","USD","21813.27","0","USD","0.00","USD","200.00","-100.0000000000","7014X000002qrUhQAI","7014X000002qrUhQAI"
"","Colombia","NETWORKS_Info_NFTLiberty_Ent_May2023","Lorena Chavarria","Special Events","Event","Physical","Other","0","3","05-08-2023","05-08-2023","PUSH TO TALK","In Progress","","","","","0","USD","0.00","0","USD","0.00","","","","7014X000002PPPhQAO","7014X000002PPPhQAO"
"LatAmENT","Colombia","LATAM_COL_Info_CountryManager_MSeg_May2023","Lorena Chavarria","Email","Email","Offer Email","Other","0","33","04-28-2023","04-28-2023","PUSH TO TALK","In Progress","","","","","1","USD","0.00","0","USD","0.00","","","","7014X000002POivQAG","7014X000002POivQAG"
"LatAmENT","Colombia","LATAM_COL_Event_AlcaldiaMedellin_Ent_Jul2023","Camila Rodriguez","Tradeshow","Event","Physical","Sales Tracking","0","887","08-04-2023","07-28-2023","Networking","Completed","USD","3000.00","USD","2500.00","0","USD","0.00","0","USD","0.00","USD","850.00","-100.0000000000","7014X000002emkqQAA","7014X000002emkqQAA"
"LatAmSMB","Colombia","LATAM_COL_CTG_ForoInternacionalOES_Mid_Sep_2023","Camila Rodriguez","Tradeshow","Event","Physical","Lead Generation","1000","5","08-04-2023","09-20-2023","Networking","Completed","USD","1500.00","USD","2000.00","3","USD","111127.69","1","USD","20085.49","USD","857.00","2243.6977028980","7014X000002emlAQAQ","7014X000002emlAQAQ"
"","Colombia","NETWORKS_Event_CALA_Ent_Nov2023","Roxanna Mateo","Special Events","Event","Physical","Other","0","4","11-27-2023","11-27-2023","PUSH TO TALK","In Progress","","","","","0","USD","0.00","0","USD","0.00","","","","7014X0000022qqzQAA","7014X0000022qqzQAA"
"","Colombia","NETWORKS_Event_ITW2_Apr2023","Roxanna Mateo","Special Events","Event","Physical","Other","0","2","04-27-2023","04-27-2023","PUSH TO TALK","In Progress","","","","","0","USD","0.00","0","USD","0.00","","","","7014X000002POcdQAG","7014X000002POcdQAG"
"","Colombia","NETWORKS_Event_VIPLinks_Jun2023","Roxanna Mateo","Special Events","Event","Physical","Other","0","10","03-28-2023","03-28-2023","PUSH TO TALK","In Progress","","","","","1","USD","300000.00","0","USD","0.00","","","","7014X000001yq3JQAQ","7014X000001yq3JQAQ"
"","Colombia","NETWORKS_Event_ITW_Mar2023","Roxanna Mateo","Special Events","Event","Physical","Other","0","9","03-20-2023","03-20-2023","PUSH TO TALK","In Progress","","","","","30","USD","24332974.18","6","USD","5332400.00","","","","7014X000001ypLAQAY","7014X000001ypLAQAY"
"LatAmENT","Dominican Republic","LATAM_DR_Congreso Resiliencia_Ent_Jul2023","Paola Yanez","Tradeshow","Event","Physical","Lead Generation","10","0","10-27-2023","07-19-2023","PUSH TO TALK","Completed","USD","0.00","USD","0.00","0","USD","0.00","0","USD","0.00","USD","6500.00","-100.0000000000","7014X0000022qKdQAI","7014X0000022qKdQAI"
"LatAmSMB","Dominican Republic","LATAM_DR_Empresarial_CalificacionTerritorio","Roxanna Mateo","Advertisement","Direct Sales","","Lead Generation","0","0","05-06-2024","05-06-2024","Networking & Connectivity","Planned","USD","0.00","","","0","USD","0.00","0","USD","0.00","USD","0.00","","7014X000001z3mAQAQ","7014X000001z3mAQAQ"
"LatAmENT","Dominican Republic","LATAM_DR_Prod_Huracanes_MSeg_Sep2023","Roxanna Mateo","Email","Email","Offer Email","Other","0","2","09-27-2023","09-27-2023","PUSH TO TALK","In Progress","","","","","0","USD","0.00","0","USD","0.00","","","","7014X0000036WwGQAU","7014X0000036WwGQAU"
"LatAmENT","Dominican Republic","LATAM_DR__Event_SECURESDWAN_Nov2023","Roxanna Mateo","Seminar / Conference","Event","Physical","Lead Generation","35","21","09-27-2023","11-09-2023","Networking - SDWAN","Completed","USD","3000.00","USD","4050.00","7","USD","217050.24","1","USD","10800.00","","","","7014X000002XSMcQAO","7014X000002XSMcQAO"
"LatAmENT","Dominican Republic","LATAM_DR_Enterprise_OnetoFew_Sep _2023_Norte_","Roxanna Mateo","Seminar / Conference","Event","Physical","Sales Tracking","20","13","09-27-2023","09-20-2023","Security","Completed","USD","1500.00","","","0","USD","0.00","0","USD","0.00","","","","7014X000002XSMhQAO","7014X000002XSMhQAO"
"LatAmSMB","Dominican Republic","LATAM_DR_Empresarial_OnetoFew_Oct _2023","Roxanna Mateo","Seminar / Conference","Event","Physical","Lead Generation","20","12","10-05-2023","10-05-2023","Security","Completed","USD","1500.00","","","4","USD","96416.62","0","USD","0.00","","","","7014X000002XSXaQAO","7014X000002XSXaQAO"
"LatAmENT","Dominican Republic","LATAM_DR_WebsiteLeads_ 2024","Roxanna Mateo","Advertisement","Website","General Forms","Lead Generation","0","0","03-04-2024","01-01-2024","Other","In Progress","USD","0.00","","","4","USD","98902.00","0","USD","0.00","USD","0.00","","7014X0000022rz6QAA","7014X0000022rz6QAA"
"LatAmSMB","Dominican Republic","LATAM_DR_Empresarial_OnetoFew_Abril _2024_SD","Roxanna Mateo","Advertisement","Event","One-to-Few","Lead Generation","0","0","03-12-2024","04-19-2024","Networking & Connectivity","In Progress","USD","1000.00","","","6","USD","52606.65","0","USD","0.00","USD","1007.00","-100.0000000000","7014X0000022s5QQAQ","7014X0000022s5QQAQ"
"LatAmSMB","Dominican Republic","LATAM_DR_Empresarial_OnetoFew_Abril _2024_Norte_","Roxanna Mateo","Advertisement","Event","One-to-Few","Lead Generation","0","0","03-04-2024","04-12-2024","Security","In Progress","USD","1000.00","","","5","USD","46536.00","0","USD","0.00","USD","311.00","-100.0000000000","7014X0000022ryrQAA","7014X0000022ryrQAA"
"LatAmENT","Dominican Republic","LATAM_DR_Enterprise_OnetoFew_Mar _2024_Security","Roxanna Mateo","Advertisement","Event","One-to-Few","Lead Generation","0","0","03-04-2024","03-01-2024","Security","In Progress","USD","4000.00","","","3","USD","552000.00","0","USD","0.00","USD","2037.00","-100.0000000000","7014X0000022rywQAA","7014X0000022rywQAA"
"LatAmENT","Dominican Republic","LATAM_DR_Enterprise_One to One_Marzo_2024_SD","Roxanna Mateo","Advertisement","Event","One-to-One","Lead Generation","0","0","03-12-2024","03-06-2024","Networking & Connectivity; Security","In Progress","USD","500.00","","","1","USD","45000.00","1","USD","45000.00","USD","500.00","8900.0000000000","7014X0000022s5VQAQ","7014X0000022s5VQAQ"
"LatAmENT","Dominican Republic","LATAM_DR_Enterprise_OnetoFew_Abril _2024_SD_Partner","Roxanna Mateo","Advertisement","Event","One-to-Few","Lead Generation","0","0","05-02-2024","04-17-2024","Security","In Progress","USD","3000.00","","","3","USD","255851.10","1","USD","27971.10","USD","0.00","","7014X000001z3kAQAQ","7014X000001z3kAQAQ"
"LatAmENT","Dominican Republic","LATAM_DR_Enterprise_OnetoFew_Mayo_2024_SD_PartnerTenable","Roxanna Mateo","Advertisement","Event","One-to-Few","Lead Generation","0","0","05-13-2024","05-23-2024","Security","Planned","USD","1500.00","","","0","USD","0.00","0","USD","0.00","","","","7014X000001z3qYQAQ","7014X000001z3qYQAQ"
"LatAmENT","Dominican Republic","DR_Enterprise_InsideSales_Finanzas_2023","Roxanna Mateo","Telemarketing","Telesales","","Lead Generation","0","0","02-14-2023","01-01-2023","MPLS; It Solution; Networking; DIA","In Progress","","","","","13","USD","347276.00","0","USD","0.00","","","","7014X000001ymu2QAA","7014X000001ymu2QAA"
"LatAmENT","Dominican Republic","LATAM_DR_Enterprise_OnetoFew_Feb_2023","Roxanna Mateo","Seminar / Conference","Event","","Lead Generation","0","0","01-24-2023","02-02-2023","Networking","Completed","","","","","0","USD","0.00","0","USD","0.00","USD","1500.00","-100.0000000000","7014X000001ykz5QAA","7014X000001ykz5QAA"
"LatAmENT","Dominican Republic","LATAM_DR_Enterprise_OnetoFew_Santiago_Mar_2023","Roxanna Mateo","Seminar / Conference","Event","","Lead Generation","30","0","02-20-2023","03-03-2023","It Solution; Networking","Completed","","","","","5","USD","44252.00","1","USD","11340.00","USD","1000.00","1034.0000000000","7014X000001ynSWQAY","7014X000001ynSWQAY"
"LatAmSMB","Dominican Republic","LATAM_DR_Prod_Awareness_Mid_Aug2023","Roxanna Mateo","Email","Email","Offer Email","Lead Generation","0","0","08-18-2023","08-18-2023","Networking","In Progress","","","","","0","USD","0.00","0","USD","0.00","","","","7014X000002epA8QAI","7014X000002epA8QAI"
"LatAmENT","Dominican Republic","DR_Enterprise_OnetoOne_GOB_2023","Roxanna Mateo","One-to-One Sessions","Telesales","","Lead Generation","10","0","07-04-2023","01-01-2023","Security; Networking","In Progress","","","","","11","USD","1395853.11","1","USD","244800.00","","","","7014X000002egmeQAA","7014X000002egmeQAA"
"LatAmSMB","Dominican Republic","Inside Business MID DR","Roxanna Mateo","Telemarketing","Direct Sales","","","0","0","04-11-2023","01-01-2023","Networking","In Progress","","","","","0","DOP","0.00","0","DOP","0.00","","","","7014X000002PNKxQAO","7014X000002PNKxQAO"
"LatAmENT","Dominican Republic","LATAM_DR_Event_LogWars_Ent_May2023","Roxanna Mateo","Seminar / Conference","Event","","Other","46","6","04-27-2023","05-11-2023","Security","Completed","USD","3000.00","","","6","USD","449950.00","1","USD","12042.00","USD","3000.00","301.4000000000","7014X000002POciQAG","7014X000002POciQAG"
"LatAmENT","Dominican Republic","LATAM_DR_Enterprise_OnetoFew_Seguridad_Abr_2023","Roxanna Mateo","Seminar / Conference","Event","","Lead Generation","40","0","04-19-2023","04-20-2023","It Solution; Networking","Completed","","","","","5","USD","146578.30","3","USD","29478.30","USD","3000.00","882.6100000000","7014X000002POBNQA4","7014X000002POBNQA4"
"LatAmENT","Dominican Republic","Inside Business ENTERPRISE DR","Roxanna Mateo","Telemarketing","Direct Sales","","","0","0","04-11-2023","01-01-2023","Networking","In Progress","","","","","0","USD","0.00","0","USD","0.00","","","","7014X000002PNL2QAO","7014X000002PNL2QAO"
"LatAmSMB","Dominican Republic","LATAM_DR_Prod_CloseLost_Mid_Jul2023","Roxanna Mateo","Telemarketing","Telesales","","Other","178","0","03-16-2023","03-16-2023","Networking","In Progress","","","USD","3000.00","0","USD","0.00","0","USD","0.00","USD","0.00","","7014X000001ypCXQAY","7014X000001ypCXQAY"
"LatAmSMB","Dominican Republic","LATAM_DR_MID_OnetoFew_Feb_2023","Roxanna Mateo","Seminar / Conference","Event","","Lead Generation","30","0","01-24-2023","02-09-2023","Networking","Completed","","","","","9","USD","390330.13","4","USD","195184.93","USD","1000.00","19418.4932862191","7014X000001ykz0QAA","7014X000001ykz0QAA"
"LatAmSMB","Dominican Republic","DRMidBiz_OnetoFew_2023_ParqueDuarte","Roxanna Mateo","Seminar / Conference","Event","","Lead Generation","10","0","06-27-2023","01-01-2023","Networking","Completed","","","","","2","USD","9600.00","1","USD","3408.00","USD","1000.00","240.8000000000","7014X000002egS5QAI","7014X000002egS5QAI"
"LatAmSMB","Dominican Republic","LATAM_DR_MID_OnetoFew_Aug_2023","Roxanna Mateo","Seminar / Conference","Event","","Lead Generation","20","0","08-04-2023","08-17-2023","Networking","Completed","","","","","1","USD","13708.00","0","USD","0.00","USD","1000.00","-100.0000000000","7014X000002emlFQAQ","7014X000002emlFQAQ"
"LatAmENT","Dominican Republic","LATAM_DR_Enterprise_Event_VIPLinks_Jun2023","Roxanna Mateo","Special Events","Event","Physical","Sales Tracking","10","6","07-18-2023","06-21-2023","Security; It Solution","Completed","USD","35000.00","USD","15300.00","3","USD","3426074.00","0","USD","0.00","USD","26311.00","-100.0000000000","7014X000002eiNnQAI","7014X000002eiNnQAI"
"LatAmENT","Dominican Republic","LATAM_DR_Enterprise_OnetoFew_Sep _2023_Fortiportfolio_Fortios 7","Roxanna Mateo","Seminar / Conference","Event","Physical","Sales Tracking","20","13","09-27-2023","09-20-2023","Security","Completed","USD","1500.00","","","3","USD","320948.43","0","USD","0.00","","","","7014X000002XSN1QAO","7014X000002XSN1QAO"
"LatAmENT","Dominican Republic","DR_Enterprise_InsideSales_GOB_2023","Roxanna Mateo","Telemarketing","Telesales","","Lead Generation","0","0","02-07-2023","01-01-2023","MPLS; It Solution; Networking; DIA","In Progress","","","","","66","USD","1074690.17","3","USD","154940.00","","","","7014X000001ymGDQAY","7014X000001ymGDQAY"
"LatAmSMB","Dominican Republic","DRMidBiz_InsideSales_Proyecto992","Roxanna Mateo","Telemarketing","Telesales","","Lead Generation","0","0","06-27-2023","02-01-2023","Networking","In Progress","","","","","0","USD","0.00","0","USD","0.00","USD","0.00","","7014X000002egSoQAI","7014X000002egSoQAI"
"LatAmSMB","Dominican Republic","LATAM_DR_Empresarial_OnetoFew_Nov _2023_Norte","Roxanna Mateo","Seminar / Conference","Event","Physical","Lead Generation","20","0","10-17-2023","11-17-2023","Security","In Progress","USD","1500.00","","","0","USD","0.00","0","USD","0.00","","","","7014X000002XSoHQAW","7014X000002XSoHQAW"
"LatAmENT","El Salvador","LATAM_ES_Event_FuturoDigital_Ent_Mar2023","Lorena Chavarria","Seminar / Conference","Event","Physical","Sales Tracking","121","7","03-28-2023","03-28-2023","Security; It Solution; Networking","Completed","","","","","6","USD","161580.00","5","USD","133980.00","USD","9000.00","1388.6666666667","7014X000001yq3OQAQ","7014X000001yq3OQAQ"
"LatAmENT","El Salvador","LATAM_ES_Event_OneToOne_Ent_2023","Lorena Chavarria","One-to-One Sessions","Event","Physical","Sales Tracking","2","0","04-27-2023","01-03-2023","Security; It Solution","In Progress","USD","2000.00","","","1","USD","66000.00","0","USD","0.00","USD","300.00","-100.0000000000","7014X000002POdWQAW","7014X000002POdWQAW"
"LatAmENT","El Salvador","LATAM_ES_Enterprise_Event_VIPLinks_Jun2023","Lorena Chavarria","Special Events","Event","Physical","Sales Tracking","10","5","07-18-2023","06-21-2023","Security; It Solution","Completed","USD","21000.00","USD","15300.00","22","USD","310368.48","19","USD","290776.80","USD","26726.00","987.9922173165","7014X000002eiJfQAI","7014X000002eiJfQAI"
"","El Salvador","LATAM_ES_Event_OneToOnesProductoSeguridad_Abr2024","Luis Hernandez Montenegro","Advertisement","Event","One-to-One","Lead Generation","0","0","04-04-2024","04-15-2024","Security","Planned","","","","","0","USD","0.00","0","USD","0.00","","","","7014X0000032cqcQAA","7014X0000032cqcQAA"
"","El Salvador","LATAM_ES_Event_Office365_Abr2024","Luis Hernandez Montenegro","Advertisement","Event","Partner/Sponsor","Lead Generation","0","0","03-01-2024","04-18-2024","Networking & Connectivity","Planned","USD","1500.00","","","0","USD","0.00","0","USD","0.00","","","","7014X000002zVsMQAU","7014X000002zVsMQAU"
"","El Salvador","LATAM_ES_Event_VulnerabilityManagement_May2024","Luis Hernandez Montenegro","Advertisement","Event","One-to-Few","Lead Generation","0","0","03-01-2024","05-30-2024","Security","Planned","","","","","0","USD","0.00","0","USD","0.00","","","","7014X000002zVsNQAU","7014X000002zVsNQAU"
"LatAmENT","El Salvador","LATAM_ES_Event_LogWars_Ent_Jun2023","Luis Hernandez Montenegro","Seminar / Conference","Event","Physical","Sales Tracking","80","55","05-16-2023","06-02-2023","Security","Completed","USD","1500.00","","","3","USD","432000.00","0","USD","0.00","USD","1000.00","-100.0000000000","7014X000002edLZQAY","7014X000002edLZQAY"
"LatAmENT","El Salvador","LATAM_ES_Event_RelanzamientoSDWAN_Nov2023","Luis Hernandez Montenegro","Seminar / Conference","Event","Physical","Sales Tracking","25","49","08-04-2023","11-15-2023","Networking - SDWAN","Completed","USD","2000.00","USD","1500.00","0","USD","0.00","0","USD","0.00","","","","7014X000002eml5QAA","7014X000002eml5QAA"
"LatAmENT","El Salvador","LATAM_ES_Event_VisitaDataCenter_Ago2023","Luis Hernandez Montenegro","Seminar / Conference","Event","Physical","Sales Tracking","4","3","08-01-2023","08-16-2023","Security; It Solution","Completed","USD","5000.00","USD","7500.00","3","USD","570821.16","1","USD","468821.16","USD","5640.00","8212.4319148936","7014X000002elH0QAI","7014X000002elH0QAI"
"","El Salvador","LATAM_ES_Event_Cloud_Jun2024","Luis Hernandez Montenegro","Advertisement","Event","One-to-Few","Lead Generation","0","0","03-01-2024","06-26-2024","Cloud IT","Planned","USD","2000.00","","","0","USD","0.00","0","USD","0.00","","","","7014X000002zVsRQAU","7014X000002zVsRQAU"
"LatAmENT","El Salvador","LATAM_ES_Event_PowerAsAService_Ent_Mar2024","Luis Hernandez Montenegro","Advertisement","Event","One-to-Few","Lead Generation","0","19","03-14-2024","03-20-2024","Security","Completed","USD","2000.00","","","0","USD","0.00","0","USD","0.00","USD","2100.00","-100.0000000000","7014X000002zX4nQAE","7014X000002zX4nQAE"
"LatAmENT","El Salvador","LATAM_ES_Event_DesayunosTecnologicos_Ent_2023","Luis Hernandez Montenegro","Seminar / Conference","Event","","Sales Tracking","5","0","03-27-2023","01-01-2023","PUSH TO TALK; Networking","In Progress","USD","1000.00","","","3","USD","192348.00","1","USD","43200.00","USD","400.00","10700.0000000000","7014X000001ypvAQAQ","7014X000001ypvAQAQ"
"","El Salvador","LATAM_ES_Event_OnetoOne_Ent_2024","Luis Hernandez Montenegro","Advertisement","Event","One-to-One","Lead Generation","0","0","01-29-2024","01-01-2024","Cloud IT; Networking & Connectivity; Security","In Progress","","","","","1","USD","1040400.00","0","USD","0.00","","","","7014X000002zT2TQAU","7014X000002zT2TQAU"
"","El Salvador","LATAM_ES_DesayunosTecnologicos_Ent_2024","Luis Hernandez Montenegro","Advertisement","Event","One-to-Few","Lead Generation","0","0","02-08-2024","02-01-2024","Cloud IT; Networking & Connectivity; Security","In Progress","","","","","3","USD","504148.05","0","USD","0.00","USD","2500.00","-100.0000000000","7014X000002zThqQAE","7014X000002zThqQAE"
"LatAmENT","El Salvador","LATAM_ES_Info_RazonSocial_Ent_Ago2023","Paola Yanez","Email","Email","Offer Email","Other","300","1","08-08-2023","08-29-2023","CONTENT DELIVERY SERVICES","Completed","","","","","0","USD","0.00","0","USD","0.00","","","","7014X000002en4OQAQ","7014X000002en4OQAQ"
"","Guatemala","LATAM_GUA_Event_LanzamientoXela_Ent_Abr2024","Luis Hernandez Montenegro","Advertisement","Event","One-to-Few","Brand Awareness","0","1","04-22-2024","04-18-2024","Cloud IT; Security; UCC","Completed","","","","","3","USD","44430.00","0","USD","0.00","","","","7014X0000032gJhQAI","7014X0000032gJhQAI"
"LatAmENT","Guatemala","LATAM_GUA_Event_CybersecurityMaturityModel_Ent_Jun2023","Luis Hernandez Montenegro","Seminar / Conference","Event","Physical","Sales Tracking","70","39","06-13-2023","06-20-2023","Security","Completed","USD","1500.00","USD","1500.00","6","USD","104760.00","5","USD","98100.00","USD","1250.00","7748.0000000000","7014X000002efNTQAY","7014X000002efNTQAY"
"LatAmENT","Guatemala","LATAM_GUA_Event_TrDigital_Ent_Feb2023","Luis Hernandez Montenegro","Seminar / Conference","Event","Physical","Sales Tracking","30","0","01-22-2023","02-08-2023","Networking","Completed","USD","700.00","USD","1500.00","0","USD","0.00","0","USD","0.00","USD","600.00","-100.0000000000","7014X000001ykqSQAQ","7014X000001ykqSQAQ"
"LatAmENT","Guatemala","LATAM_GUA_ProspectingPalmera_ENT_2023","Luis Hernandez Montenegro","Telemarketing","Telesales","","Lead Generation","5","0","01-16-2023","01-16-2023","It Solution; Networking","Completed","","","","","1","USD","0.00","0","USD","0.00","","","","7014X000001ykKCQAY","7014X000001ykKCQAY"
"LatAmENT","Guatemala","LATAM_GUA_Event_OnetoOne_Ent_2023","Luis Hernandez Montenegro","One-to-One Sessions","Event","Physical","Sales Tracking","25","6","01-03-2023","01-03-2023","It Solution; Networking","Completed","USD","5000.00","USD","4000.00","13","USD","483540.00","8","USD","349932.00","USD","4000.00","8648.3000000000","7014X0000022d4CQAQ","7014X0000022d4CQAQ"
"LatAmENT","Guatemala","LATAM_GUA_Event_Ecosistemas_Ent_Jan2023","Luis Hernandez Montenegro","Seminar / Conference","Event","Physical","Sales Tracking","33","0","01-09-2023","01-26-2023","Networking","Completed","USD","1000.00","USD","1500.00","3","USD","18000.00","0","USD","0.00","USD","700.00","-100.0000000000","7014X0000022dSZQAY","7014X0000022dSZQAY"
"LatAmENT","Guatemala","LATAM_GUA_OutboundInsideSales_ENT_2023","Luis Hernandez Montenegro","Telemarketing","Telesales","","Lead Generation","0","0","01-06-2023","01-06-2023","Security; It Solution; Networking","Completed","","","USD","2000.00","101","USD","1573181.03","11","USD","80538.77","USD","750.00","10638.5025641026","7014X0000022dJrQAI","7014X0000022dJrQAI"
"LatAmENT","Guatemala","LATAM_GUA_Event_LogWars_Ent_Mar2023","Luis Hernandez Montenegro","Seminar / Conference","Event","Physical","Sales Tracking","25","1","02-09-2023","03-09-2023","Security","Completed","USD","1200.00","USD","3000.00","6","USD","197550.00","0","USD","0.00","USD","1200.00","-100.0000000000","7014X000001ymOMQAY","7014X000001ymOMQAY"
"LatAmENT","Guatemala","LATAM_GUA_Event_TrDigital2_Ent_Feb2023","Luis Hernandez Montenegro","Seminar / Conference","Event","Physical","Sales Tracking","16","0","02-07-2023","02-08-2023","Networking","Completed","USD","500.00","USD","1500.00","4","USD","11420.00","1","USD","1100.00","USD","500.00","120.0000000000","7014X000001ymEqQAI","7014X000001ymEqQAI"
"LatAmENT","Guatemala","LATAM_GUA_Event_Ciberseguridad_MSeg_Feb2023","Luis Hernandez Montenegro","Seminar / Conference","Event","Physical","Sales Tracking","60","0","02-06-2023","02-16-2023","Security","Completed","USD","1100.00","USD","1500.00","7","USD","200391.00","4","USD","25731.00","USD","1100.00","2239.1818181818","7014X000001ym7LQAQ","7014X000001ym7LQAQ"
"LatAmENT","Guatemala","LATAM_GUA_Event_Ecosistemas_Ent_Feb2023","Luis Hernandez Montenegro","Seminar / Conference","Event","Physical","Sales Tracking","66","0","02-08-2023","02-21-2023","Networking","Completed","USD","500.00","USD","1500.00","1","USD","8647.20","1","USD","8647.20","USD","500.00","1629.4400000000","7014X000001ymKtQAI","7014X000001ymKtQAI"
"LatAmENT","Guatemala","LATAM_GUA_Event_Renovaciones14_Ent_Mar2023","Luis Hernandez Montenegro","Seminar / Conference","Event","Physical","Sales Tracking","0","0","02-09-2023","02-09-2023","PUSH TO TALK","Aborted","","","","","0","USD","0.00","0","USD","0.00","","","","7014X000001ymORQAY","7014X000001ymORQAY"
"LatAmENT","Guatemala","LATAM_GUA_Ent_Renovaciones_Feb_2023","Luis Hernandez Montenegro","Seminar / Conference","Event","Physical","Sales Tracking","30","0","01-27-2023","02-09-2023","Networking","Completed","USD","500.00","USD","1000.00","2","USD","2160.00","2","USD","2160.00","USD","500.00","332.0000000000","7014X000001ylUTQAY","7014X000001ylUTQAY"
"LatAmENT","Guatemala","LATAM_GUA_Event_Cibersecurity_Ent_Mar2023","Luis Hernandez Montenegro","Seminar / Conference","Event","Physical","Sales Tracking","0","0","02-09-2023","02-09-2023","Security; PUSH TO TALK","Aborted","","","","","0","USD","0.00","0","USD","0.00","","","","7014X000001ymOWQAY","7014X000001ymOWQAY"
"LatAmENT","Guatemala","LATAM_GUA_Event_Renovaciones_Ent_Mar2023","Luis Hernandez Montenegro","Seminar / Conference","Event","Physical","Sales Tracking","0","0","02-09-2023","02-09-2023","PUSH TO TALK","Aborted","","","","","0","USD","0.00","0","USD","0.00","","","","7014X000001ymOCQAY","7014X000001ymOCQAY"
"LatAmENT","Guatemala","LATAM_GUA_Event_DDoS_Ent_May2023","Luis Hernandez Montenegro","Seminar / Conference","Event","Physical","Sales Tracking","89","20","02-09-2023","05-04-2023","Security - DDoS","Completed","USD","5000.00","","","4","USD","140064.00","2","USD","6480.00","USD","3000.00","116.0000000000","7014X000001ymOgQAI","7014X000001ymOgQAI"
"LatAmENT","Guatemala","LATAM_GUA_Event_Ecosistemas_Ent_Mar2023","Luis Hernandez Montenegro","Seminar / Conference","Event","Physical","Sales Tracking","40","1","02-09-2023","03-14-2023","Networking","Completed","USD","500.00","USD","1500.00","0","USD","0.00","0","USD","0.00","USD","300.00","-100.0000000000","7014X000001ymOHQAY","7014X000001ymOHQAY"
"","Guatemala","LATAM_GUA_Event_ZTNA_May2024","Luis Hernandez Montenegro","Advertisement","Event","One-to-Few","Lead Generation","0","0","03-01-2024","05-14-2024","Security","Planned","USD","2500.00","","","0","USD","0.00","0","USD","0.00","","","","7014X000002zVsbQAE","7014X000002zVsbQAE"
"LatAmENT","Guatemala","LATAM_GUA_Event_DemoSDWANFortinet_Sep2023","Luis Hernandez Montenegro","Seminar / Conference","Event","Physical","Sales Tracking","60","16","09-08-2023","09-19-2023","Networking - SDWAN","Completed","","","USD","1500.00","2","USD","-191407.90","0","USD","0.00","","","","7014X000002zMnVQAU","7014X000002zMnVQAU"
"","Guatemala","LATAM_GUA_Web_WebsiteLeads_Ent_2024","Luis Hernandez Montenegro","Advertisement","","","Lead Generation","0","0","01-23-2024","01-01-2024","Cloud IT; Networking & Connectivity; Security; UCC","In Progress","","","","","4","USD","71400.00","0","USD","0.00","","","","7014X000002zSvhQAE","7014X000002zSvhQAE"
"","Guatemala","LATAM_GUA_Event_TransformacionDigital_Ent_Ene2024","Luis Hernandez Montenegro","Advertisement","Event","One-to-Few","Lead Generation","0","9","01-26-2024","02-07-2024","Cloud IT; Networking & Connectivity; Security","Completed","USD","500.00","","","9","USD","65016.00","2","USD","7200.00","USD","550.00","1209.0909090909","7014X000002zT0mQAE","7014X000002zT0mQAE"
"","Guatemala","LATAM_GUA_Event_SDWAN_Jun2024","Luis Hernandez Montenegro","Advertisement","Event","One-to-Few","Lead Generation","0","0","03-01-2024","06-04-2024","Security","Planned","USD","2000.00","","","0","USD","0.00","0","USD","0.00","","","","7014X000002zVsgQAE","7014X000002zVsgQAE"
"LatAmENT","Guatemala","LATAM_GUA_Event_CyberSecurity_Ent_May2023","Luis Hernandez Montenegro","Seminar / Conference","Event","Physical","Other","0","0","04-19-2023","04-19-2023","Security","Aborted","","","","","0","USD","0.00","0","USD","0.00","","","","7014X000002PO9bQAG","7014X000002PO9bQAG"
"LatAmENT","Guatemala","LATAM_GUA_Event_IntegraSponsor_Ent_Apr2023","Luis Hernandez Montenegro","Tradeshow","Event","Physical","Lead Generation","100","0","04-11-2023","04-20-2023","It Solution - DraaS; It Solution - IaaS","Completed","USD","5000.00","USD","7000.00","10","USD","905340.00","3","USD","433260.00","USD","4500.00","9528.0000000000","7014X000002PNXIQA4","7014X000002PNXIQA4"
"LatAmENT","Guatemala","LATAM_GUA_Event_Ecosistemas_Ent_Apr2023","Luis Hernandez Montenegro","Seminar / Conference","Event","Physical","Sales Tracking","0","0","04-17-2023","04-17-2023","PUSH TO TALK","Aborted","","","","","0","USD","0.00","0","USD","0.00","","","","7014X000002PNwrQAG","7014X000002PNwrQAG"
"LatAmENT","Guatemala","LATAM_GUA_Event_reupyramid_Ent_May2023","Luis Hernandez Montenegro","One-to-One Sessions","Event","Physical","Sales Tracking","5","0","05-16-2023","05-12-2023","It Solution","Completed","","","","","3","USD","402000.00","1","USD","36000.00","USD","700.00","5042.8571428571","7014X000002edL5QAI","7014X000002edL5QAI"
"LatAmENT","Guatemala","LATAM_GUA_Ent_Renovaciones_Jul_2023","Luis Hernandez Montenegro","Seminar / Conference","Event","Physical","Sales Tracking","10","0","07-20-2023","07-20-2023","Networking","Completed","USD","300.00","USD","2000.00","0","USD","0.00","0","USD","0.00","USD","250.00","-100.0000000000","7014X000002einoQAA","7014X000002einoQAA"
"LatAmENT","Guatemala","LATAM_GUA_Event_RelanzamientoSDWAN_Nov2023","Luis Hernandez Montenegro","Seminar / Conference","Event","Physical","Sales Tracking","100","72","08-04-2023","11-28-2023","Networking - SDWAN","Completed","USD","2000.00","","","3","USD","45827.77","0","USD","0.00","","","","7014X000002eml0QAA","7014X000002eml0QAA"
"LatAmENT","Guatemala","LATAM_GUA_Info_RazonSocial_Ent_Jul2023","Luis Hernandez Montenegro","Email","Email","Offer Email","Other","0","6","07-24-2023","07-24-2023","PUSH TO TALK","In Progress","","","","","0","USD","0.00","0","USD","0.00","","","","7014X000002ejWaQAI","7014X000002ejWaQAI"
"LatAmENT","Guatemala","LATAM_GUA_Event_VisitaDataCenter_Ago2023","Luis Hernandez Montenegro","Seminar / Conference","Event","Physical","Sales Tracking","4","4","07-28-2023","08-16-2023","Security; It Solution","Completed","USD","5000.00","USD","7500.00","8","USD","126840.00","6","USD","83640.00","USD","5000.00","1572.8000000000","7014X000002ektjQAA","7014X000002ektjQAA"
"LatAmENT","Guatemala","LATAM_GUA_Event_DesayunosTecnologicos_Ago2023","Luis Hernandez Montenegro","Seminar / Conference","Event","Physical","Sales Tracking","25","17","08-04-2023","08-01-2023","Security; It Solution","Completed","USD","1000.00","USD","2000.00","8","USD","1206600.00","4","USD","1190520.00","USD","600.00","198320.0000000000","7014X000002emkvQAA","7014X000002emkvQAA"
"LatAmENT","Guatemala","LATAM_GUA_Event_DemoSDWANFortinet_Ago2023","Luis Hernandez Montenegro","Seminar / Conference","Event","Physical","Sales Tracking","29","29","08-10-2023","08-24-2023","Networking - SDWAN","Completed","","","USD","1500.00","8","USD","141761.00","4","USD","41057.00","","","","7014X000002eo5JQAQ","7014X000002eo5JQAQ"
"LatAmENT","Guatemala","LATAM_GUA_Enterprise_Event_VIPLinks_Jun2023","Luis Hernandez Montenegro","Special Events","Event","Physical","Sales Tracking","20","4","07-18-2023","06-21-2023","Security; It Solution","Completed","USD","35000.00","USD","15300.00","5","USD","1792218.00","2","USD","41508.00","USD","37082.00","11.9357100480","7014X000002eiNIQAY","7014X000002eiNIQAY"
"LatAmENT","Guatemala","LATAM_GUA_Event_CierreCuentame_Ent_Ago2023","Luis Hernandez Montenegro","One-to-One Sessions","Event","Physical","Sales Tracking","11","0","06-08-2023","08-11-2023","UC&C - Cloud Voice","Completed","USD","500.00","USD","2000.00","2","USD","-3549.00","2","USD","-3549.00","USD","300.00","-1283.0000000000","7014X000002ef91QAA","7014X000002ef91QAA"
"","Guatemala","LATAM_GUA_Event_OpenHouseNodoCentral_May2024","Luis Hernandez Montenegro","Advertisement","Event","One-to-Few","Lead Generation","0","0","03-01-2024","05-23-2024","Cloud IT; Networking & Connectivity; Security","Planned","USD","1500.00","","","0","USD","0.00","0","USD","0.00","","","","7014X000002zVsCQAU","7014X000002zVsCQAU"
"","Guatemala","LATAM_GUA_Event_Office365_May2024","Luis Hernandez Montenegro","Advertisement","Event","One-to-Few","Lead Generation","0","43","03-01-2024","05-07-2024","Networking & Connectivity","Completed","","","","","8","USD","55932.00","3","USD","10644.00","","","","7014X000002zVsSQAU","7014X000002zVsSQAU"
"LatAmENT","Guatemala","LATAM_GUA_Event_CCoDBrightPattern_Nov2023","Luis Hernandez Montenegro","Seminar / Conference","Event","Physical","Sales Tracking","","4","10-17-2023","11-08-2023","UC&C - Cloud Voice; UC&C - CCoD","Completed","USD","300.00","USD","1500.00","1","USD","90126.00","0","USD","0.00","","","","7014X000002zOYeQAM","7014X000002zOYeQAM"
"LatAmENT","Guatemala","LATAM_GUA_Event_TransformacionDigital_Ent_May2023","Luis Hernandez Montenegro","Seminar / Conference","Event","Physical","Sales Tracking","20","20","05-11-2023","05-25-2023","Networking","Completed","USD","500.00","USD","1000.00","3","USD","160800.00","0","USD","0.00","USD","400.00","-100.0000000000","7014X000002ed2IQAQ","7014X000002ed2IQAQ"
"","Guatemala","LATAM_GUA_Event_VisitaDataCenter_Abr2024","Luis Hernandez Montenegro","Advertisement","Event","One-to-Few","Lead Generation","0","4","02-28-2024","04-03-2024","Cloud IT; Networking & Connectivity; Security","Completed","USD","5000.00","","","6","USD","264012.62","3","USD","169504.62","USD","3000.00","5550.1538461538","7014X000002zVZ5QAM","7014X000002zVZ5QAM"
"LatAmENT","Guatemala","LATAM_GUA_Event_DesayunoProspectosInsideCitas_Sep2023","Luis Hernandez Montenegro","Seminar / Conference","Event","Physical","Sales Tracking","","0","09-05-2023","09-19-2023","Security; It Solution","Aborted","USD","300.00","USD","1500.00","0","USD","0.00","0","USD","0.00","","","","7014X000002zMWtQAM","7014X000002zMWtQAM"
"LatAmENT","Guatemala","LATAM_GUA_Event_ZTNAFortinet_Oct2023","Luis Hernandez Montenegro","Seminar / Conference","Event","Physical","Sales Tracking","40","39","09-14-2023","10-24-2023","Security; Networking","Completed","USD","300.00","USD","1500.00","2","USD","48456.00","1","USD","9000.00","USD","300.00","2900.0000000000","7014X000002zN2QQAU","7014X000002zN2QQAU"
"LatAmENT","Guatemala","LATAM_GUA_Event_TransformacionDigital_Sep2023","Luis Hernandez Montenegro","Seminar / Conference","Event","Physical","Sales Tracking","","1","09-08-2023","09-19-2023","Security; It Solution","Aborted","USD","500.00","USD","2000.00","0","USD","0.00","0","USD","0.00","","","","7014X000002zMloQAE","7014X000002zMloQAE"
"","Guatemala","LATAM_GUA_Event_OnetoOne_Ent_2024","Luis Hernandez Montenegro","Advertisement","Event","One-to-One","Lead Generation","0","0","01-15-2024","01-01-2024","It Solution; Networking","In Progress","","","","","0","USD","0.00","0","USD","0.00","","","","7014X000002zScGQAU","7014X000002zScGQAU"
"LatAmENT","Guatemala","LATAM_GUA_Event_TransformacionDigital_Oct2023","Luis Hernandez Montenegro","Seminar / Conference","Event","Physical","Sales Tracking","","1","09-13-2023","10-17-2023","Security; It Solution","Aborted","USD","500.00","USD","2000.00","0","USD","0.00","0","USD","0.00","","","","7014X000002zMy9QAE","7014X000002zMy9QAE"
"","Guatemala","LATAM_GUA_Event_DesayunoMonitoreoProactivo_May2024","Luis Hernandez Montenegro","Advertisement","Event","One-to-Few","Lead Generation","0","7","03-01-2024","05-21-2024","Cloud IT; Networking & Connectivity; Security","Completed","USD","500.00","","","3","USD","35994.00","0","USD","0.00","USD","395.00","-100.0000000000","7014X000002zVsWQAU","7014X000002zVsWQAU"
"","Guatemala","LATAM_GUA_Event_Cisco_Jun2024","Luis Hernandez Montenegro","Advertisement","Event","One-to-Few","Lead Generation","0","0","03-01-2024","06-04-2024","Cloud IT; Networking & Connectivity; Security","Planned","USD","2000.00","","","0","USD","0.00","0","USD","0.00","","","","7014X000002zVsXQAU","7014X000002zVsXQAU"
"","Guatemala","LATAM_GUA_Event_DDOS_Jun2024","Luis Hernandez Montenegro","Advertisement","Event","One-to-Few","Lead Generation","0","0","03-01-2024","06-11-2024","Security","Planned","USD","1500.00","","","0","USD","0.00","0","USD","0.00","","","","7014X000002zVsYQAU","7014X000002zVsYQAU"
"","Guatemala","LATAM_GUA_Event_Pyramid_Jul2024","Luis Hernandez Montenegro","Advertisement","Event","One-to-Few","Lead Generation","0","0","03-01-2024","07-09-2024","Networking & Connectivity","Planned","USD","1500.00","","","0","USD","0.00","0","USD","0.00","","","","7014X000002zVsZQAU","7014X000002zVsZQAU"
"LatAmENT","Guatemala","LATAM_GUA_Event_IntegraSap_Nov2023","Luis Hernandez Montenegro","Tradeshow","Event","Physical","Lead Generation","50","0","10-13-2023","11-09-2023","Security; Networking","Completed","USD","300.00","USD","1500.00","0","USD","0.00","0","USD","0.00","","","","7014X000002zOLBQA2","7014X000002zOLBQA2"
"","Guatemala","LATAM_GUA_Event_VulnerabilityManagement_Mar2024","Luis Hernandez Montenegro","Advertisement","Event","One-to-Few","Brand Awareness","0","13","03-01-2024","03-19-2024","Security","Completed","USD","0.00","","","2","USD","60000.00","1","USD","0.00","USD","0.00","","7014X000002zVs7QAE","7014X000002zVs7QAE"
"","Guatemala","LATAM_GUA_OutboundInsideSales_ENT_2024","Luis Hernandez Montenegro","Advertisement","Telesales","","Lead Generation","0","0","01-08-2024","01-01-2024","Security; It Solution; Networking","In Progress","","","","","17","USD","625494.00","1","USD","7200.00","USD","2000.00","260.0000000000","7014X000002zSNVQA2","7014X000002zSNVQA2"
"LatAmENT","Honduras","LATAM_HON_TGU_Patrocinio_Banking Summit_Ent_Feb2023","Paola Yanez","Tradeshow","Event","Physical","Lead Generation","20","0","10-27-2023","02-08-2023","PUSH TO TALK","Completed","USD","0.00","USD","0.00","0","USD","0.00","0","USD","0.00","USD","2018.00","-100.0000000000","7014X0000022qKYQAY","7014X0000022qKYQAY"
"LatAmENT","Honduras","LATAM_HON_TGU_Patrocinio_ADWeek CCIT_Ent_Nov2023","Paola Yanez","Tradeshow","Event","Physical","Brand Awareness","10","0","10-27-2023","11-03-2023","PUSH TO TALK","Completed","USD","0.00","USD","0.00","0","USD","0.00","0","USD","0.00","USD","500.00","-100.0000000000","7014X0000022qKiQAI","7014X0000022qKiQAI"
"LatAmENT","Honduras","LATAM_HON_TGU_Event_One-to-Ones Seguridad_2024","Paola Yanez","Advertisement","Event","One-to-One","Lead Generation","0","0","04-03-2024","04-09-2024","Security","In Progress","USD","1000.00","","","0","USD","0.00","0","USD","0.00","","","","7014X000001z3TTQAY","7014X000001z3TTQAY"
"LatAmENT","Honduras","LATAM_HON_TGU_Event_LogWars_Ent_May2023","Paola Yanez","Seminar / Conference","Event","Physical","Sales Tracking","37","12","06-07-2023","05-24-2023","Security","Completed","USD","1000.00","USD","11880.00","2","USD","175100.00","0","USD","0.00","USD","2133.00","-100.0000000000","7014X000002ef0EQAQ","7014X000002ef0EQAQ"
"LatAmENT","Honduras","LATAM_HON_Website Leads_Ent_2023","Paola Yanez","Advertisement","Website","","Lead Generation","0","0","06-09-2023","02-01-2023","Networking","In Progress","USD","0.00","USD","1500.00","0","USD","0.00","0","USD","0.00","USD","0.00","","7014X000002efBWQAY","7014X000002efBWQAY"
"LatAmENT","Honduras","LATAM_HON_TGU_Event_Workshops One-to-One_2024","Paola Yanez","Advertisement","Event","One-to-One","Lead Generation","0","0","02-14-2024","02-19-2024","Cloud IT; Security","In Progress","USD","1430.00","","","4","USD","41076.00","2","USD","3600.00","USD","384.00","837.5000000000","7014X0000022rmdQAA","7014X0000022rmdQAA"
"LatAmENT","Honduras","LATAM_HON_SPS_Event_One-to-Ones Cloud IT_2024","Paola Yanez","Advertisement","Event","One-to-One","Lead Generation","0","2","02-13-2024","02-21-2024","Cloud IT","In Progress","USD","650.00","","","2","USD","2917.00","1","USD","-4768.00","USD","84.00","-5776.1904761905","7014X0000022rlzQAA","7014X0000022rlzQAA"
"LatAmENT","Honduras","LATAM_HON_TGU_Giras Regionales Corp_2024","Paola Yanez","Advertisement","Event","One-to-One","Lead Generation","0","0","02-14-2024","02-15-2024","Networking & Connectivity","In Progress","USD","400.00","","","6","USD","191532.00","4","USD","157200.00","USD","100.00","157100.0000000000","7014X0000022rmiQAA","7014X0000022rmiQAA"
"LatAmENT","Honduras","LATAM_HON_TGU_Event_AntiRansomware_Jun2024","Paola Yanez","Advertisement","Event","One-to-Few","Lead Generation","0","0","03-01-2024","06-26-2024","Cloud IT; Security","Planned","USD","1000.00","","","0","USD","0.00","0","USD","0.00","","","","7014X0000022ryhQAA","7014X0000022ryhQAA"
"LatAmENT","Honduras","LATAM_HON_SPS_Event_AntiRansomware_Jun2024","Paola Yanez","Advertisement","Event","One-to-Few","Lead Generation","0","0","03-01-2024","06-27-2024","Cloud IT; Security","Planned","USD","1000.00","","","0","USD","0.00","0","USD","0.00","","","","7014X0000022rymQAA","7014X0000022rymQAA"
"LatAmENT","Honduras","LATAM_HON_SPS_Event_One-to-Ones Seguridad_2024","Paola Yanez","Advertisement","Event","One-to-One","Lead Generation","0","1","02-13-2024","02-21-2024","Security","In Progress","USD","650.00","","","1","USD","7200.00","0","USD","0.00","USD","100.00","-100.0000000000","7014X0000022rm4QAA","7014X0000022rm4QAA"
"LatAmENT","Honduras","LATAM_HON_WebSiteLeads_2024","Paola Yanez","Advertisement","Website","General Forms","Brand Awareness","0","0","03-15-2024","01-01-2024","Networking & Connectivity","In Progress","USD","0.00","","","1","USD","9432.00","0","USD","0.00","USD","0.00","","7014X0000022s6UQAQ","7014X0000022s6UQAQ"
"LatAmENT","Honduras","LATAM_HON_SPS_Event_Microsoft Defender_May2024","Paola Yanez","Advertisement","Event","One-to-Few","Lead Generation","0","0","03-01-2024","05-16-2024","Cloud IT","Completed","USD","500.00","","","0","USD","0.00","0","USD","0.00","","","","7014X0000022rycQAA","7014X0000022rycQAA"
"LatAmENT","Honduras","LATAM_HON_TGU_Event_Launch Vulnerability_May2024","Paola Yanez","Advertisement","Event","One-to-Few","Lead Generation","0","0","04-03-2024","05-28-2024","Security","Planned","USD","700.00","","","0","USD","0.00","0","USD","0.00","USD","1827.00","-100.0000000000","7014X000001z3TOQAY","7014X000001z3TOQAY"
"LatAmENT","Honduras","LATAM_HON_Enterprise_OutboundSalesGPON_2023","Paola Yanez","Telemarketing","Telesales","","Lead Generation","111","0","02-14-2023","02-14-2023","Networking","Completed","USD","0.00","USD","1500.00","0","USD","0.00","0","USD","0.00","USD","0.00","","7014X000001ymoOQAQ","7014X000001ymoOQAQ"
"LatAmENT","Honduras","LATAM_HON_Enterprise_Oferta 1Mes Gratis Conectividad_2023","Paola Yanez","Email","Email","","Lead Generation","60","3","03-06-2023","03-01-2023","Networking","Completed","USD","200.00","USD","104689.00","7","USD","356472.00","1","USD","2640.00","USD","672.00","292.8571428571","7014X000001yoPkQAI","7014X000001yoPkQAI"
"LatAmENT","Honduras","LATAM_HON_TGU_Event_Desayunos Tecnologicos_Sep2023","Paola Yanez","Seminar / Conference","Event","Physical","Sales Tracking","20","2","08-30-2023","09-12-2023","Security; It Solution","Completed","USD","1000.00","USD","10000.00","0","USD","0.00","0","USD","0.00","USD","122.00","-100.0000000000","7014X000002zMJkQAM","7014X000002zMJkQAM"
"LatAmENT","Honduras","LATAM_HON_TGU_Patrocinio_Elga Transformacion Digital_Ent_Ago2023","Paola Yanez","Tradeshow","Event","Physical","Sales Tracking","20","4","07-04-2023","08-25-2023","UC&C","Completed","USD","300.00","USD","5000.00","1","USD","3600.00","0","USD","0.00","USD","553.00","-100.0000000000","7014X000002egmtQAA","7014X000002egmtQAA"
"LatAmENT","Honduras","LATAM_HON_TGU_Event_SAP-B1toHANA_Ent_May2023","Paola Yanez","Seminar / Conference","Event","Physical","Sales Tracking","57","22","04-20-2023","05-09-2023","It Solution","Completed","USD","1000.00","USD","19230.00","5","USD","340319.28","0","USD","0.00","USD","1822.00","-100.0000000000","7014X000002POG3QAO","7014X000002POG3QAO"
"LatAmENT","Honduras","LATAM_HON_SPS_Event_SAP-B1toHANA_Ent_May2023","Paola Yanez","Seminar / Conference","Event","Physical","Sales Tracking","51","7","04-20-2023","05-10-2023","It Solution","Completed","USD","1200.00","USD","9469.00","6","USD","211956.00","0","USD","0.00","USD","1462.00","-100.0000000000","7014X000002POFtQAO","7014X000002POFtQAO"
"LatAmENT","Honduras","LATAM_HON_TGU_One-to-One_Ago2023","Paola Yanez","One-to-One Sessions","Event","Physical","Sales Tracking","10","3","08-04-2023","08-08-2023","Security; It Solution","Completed","USD","800.00","USD","10000.00","3","USD","85141.86","0","USD","0.00","USD","121.00","-100.0000000000","7014X000002emlPQAQ","7014X000002emlPQAQ"
"LatAmENT","Honduras","LATAM_HON_TGU_Event_Desayunos Tecnologicos_Ago2023","Paola Yanez","Seminar / Conference","Event","Physical","Sales Tracking","20","4","08-04-2023","08-08-2023","Security; It Solution","Completed","USD","1000.00","USD","10000.00","2","USD","8400.00","0","USD","0.00","USD","118.00","-100.0000000000","7014X000002emlUQAQ","7014X000002emlUQAQ"
"LatAmENT","Honduras","LATAM_HN_Enterprise_Event_VIPLinks_Jun2023","Paola Yanez","Special Events","Event","Physical","Brand Awareness","20","10","07-18-2023","06-21-2023","Security; It Solution","Completed","USD","35000.00","USD","15300.00","10","USD","692680.70","4","USD","72360.00","USD","43859.00","64.9832417520","7014X000002eiJVQAY","7014X000002eiJVQAY"
"LatAmENT","Honduras","LATAM_HON_Event_Visita DC Tocancipa_Ent_Sep2023","Paola Yanez","Seminar / Conference","Event","Physical","Sales Tracking","4","4","07-04-2023","09-07-2023","It Solution","Completed","USD","7000.00","USD","10000.00","1","USD","0.00","0","USD","0.00","USD","5451.00","-100.0000000000","7014X000002egmyQAA","7014X000002egmyQAA"
"LatAmENT","Honduras","LATAM_HON_TGU_One-to-One_Sep2023","Paola Yanez","One-to-One Sessions","Event","Physical","Sales Tracking","10","2","08-30-2023","09-04-2023","Security; It Solution","Completed","USD","800.00","USD","8000.00","0","USD","0.00","0","USD","0.00","USD","440.00","-100.0000000000","7014X000002zMJpQAM","7014X000002zMJpQAM"
"LatAmENT","Honduras","LATAM_HON_Info_RazonSocial_Ent_Ago2023","Paola Yanez","Email","Email","Offer Email","Other","1219","4","08-08-2023","08-16-2023","CONTENT DELIVERY SERVICES","Completed","","","","","0","USD","0.00","0","USD","0.00","","","","7014X000002en4JQAQ","7014X000002en4JQAQ"
"LatAmENT","Honduras","LATAM_HON_TGU_Event_Secure-SDWAN-Fortinet_Ent_Nov2023","Paola Yanez","Seminar / Conference","Event","Physical","Sales Tracking","35","10","07-06-2023","11-16-2023","Security","Completed","USD","1500.00","USD","3300.00","0","USD","0.00","0","USD","0.00","USD","2502.00","-100.0000000000","7014X000002egyGQAQ","7014X000002egyGQAQ"
"LatAmENT","Honduras","LATAM_HON_TGU_Event_Desayuno Microsoft Defender_Nov2023","Paola Yanez","Seminar / Conference","Event","Physical","Sales Tracking","20","12","07-06-2023","11-08-2023","Security; It Solution","Completed","USD","800.00","USD","4050.00","3","USD","44568.00","1","USD","6000.00","USD","1005.00","497.0149253731","7014X000002egyLQAQ","7014X000002egyLQAQ"
"","Latam Region","LATAM_Col_Prod_NubeHibrida_Ent_Jan2024","Camila Rodriguez","Email","Email","Offer Email","Lead Generation","0","36","11-02-2023","01-15-2024","Cloud IT","In Progress","","","","","0","USD","0.00","0","USD","0.00","","","","7014X0000022qSuQAI","7014X0000022qSuQAI"
"","Latam Region","NETWORKS_Info_Christmas_MSeg_Dec2023","Camila Rodriguez","Advertisement","Email","Offer","Brand Awareness","0","8","12-13-2023","12-13-2023","PUSH TO TALK","In Progress","","","","","0","USD","0.00","0","USD","0.00","","","","7014X0000022r6FQAQ","7014X0000022r6FQAQ"
"LatAmRegional","Latam Region","LATAM_Prod_SDWAN_Ent_Oct2023_e","Camila Rodriguez","Email","Email","Offer Email","Other","0","0","09-13-2023","09-13-2023","Security","Planned","","","","","0","USD","0.00","0","USD","0.00","","","","7014X0000036WatQAE","7014X0000036WatQAE"
"LatAmRegional","Latam Region","LATAM_Prod_SDWAN_Ent_Oct2023_SM","Camila Rodriguez","Email","Email","Offer Email","Other","0","0","09-13-2023","09-13-2023","Security","Planned","","","","","0","USD","0.00","0","USD","0.00","","","","7014X0000036WayQAE","7014X0000036WayQAE"
"LatAmENT","Latam Region","LATAM_Info_Newsletter_Ent_Aug2023","Camila Rodriguez","Email","Email","Offer Email","Other","8055","0","08-12-2023","08-12-2023","PUSH TO TALK","Completed","USD","200.00","USD","0.00","0","USD","0.00","0","USD","0.00","USD","200.00","-100.0000000000","7014X000002eoGOQAY","7014X000002eoGOQAY"
"","Latam Region","NETWORKS_Info_Comunicado_NewBrand _May2023","Lorena Chavarria","Advertisement","Email","Offer Email","Brand Awareness","0","0","05-03-2023","05-15-2023","PUSH TO TALK","In Progress","","","","","0","USD","0.00","0","USD","0.00","","","","7014X000002PP1aQAG","7014X000002PP1aQAG"
"LatAmENT","Latam Region","LATAM_Info_Comunicado_NewBrand_May2023","Lorena Chavarria","Advertisement","Email","Offer Email","Brand Awareness","0","10","05-03-2023","05-15-2023","PUSH TO TALK","In Progress","","","","","0","USD","0.00","0","USD","0.00","","","","7014X000002PP1VQAW","7014X000002PP1VQAW"
"","Latam Region","NETWORKS_Info_Comunicado_NewBrand _May2023_SM","Lorena Chavarria","Advertisement","Media","Social Media","Other","0","0","05-09-2023","05-09-2023","PUSH TO TALK","In Progress","","","","","0","USD","0.00","0","USD","0.00","","","","7014X000002PPYmQAO","7014X000002PPYmQAO"
"LatAmENT","Latam Region","LATAM_Info_LibertyLaunchContact_Ent_May2023","Luis Hernandez Montenegro","Advertisement","Website","General Forms","Other","0","88","05-04-2023","05-04-2023","Networking","In Progress","","","","","0","USD","0.00","0","USD","0.00","","","","7014X000002PP8CQAW","7014X000002PP8CQAW"
"LatAmENT","Latam Region","Regional_Info_LibertyLaunch_MSeg_May2023","Luis Hernandez Montenegro","Other","Website","General Forms","Other","0","440","05-04-2023","05-04-2023","SME - Proposition - Professional","In Progress","","","","","1","USD","0.00","0","USD","0.00","","","","7014X000002PP7xQAG","7014X000002PP7xQAG"
"LatAmENT","Latam Region","LATAM_Prod_Acquisition_Ent_May2023","Luis Hernandez Montenegro","Email","Email","Offer Email","Lead Generation","4000","34","05-18-2023","07-10-2023","Security; It Solution; Networking; UC&C","Completed","","","","","2","USD","12978.00","0","USD","0.00","","","","7014X000002edYsQAI","7014X000002edYsQAI"
"LatAmENT","Latam Region","Regional_Info_LibertySales_MSeg_May2023","Luis Hernandez Montenegro","Other","Website","General Forms","Other","0","406","05-04-2023","05-04-2023","SME - Proposition - Retail","In Progress","","","","","0","USD","0.00","0","USD","0.00","","","","7014X000002PP87QAG","7014X000002PP87QAG"
"LatAmRegional","Latam Region","LATAM_Web_ContactCenter_Ent_May2024","Luis Hernandez Montenegro","Advertisement","Event","Digital","Brand Awareness","0","72","05-08-2024","05-08-2024","Security","In Progress","","","","","0","USD","0.00","0","USD","0.00","","","","7014X000001z3pCQAQ","7014X000001z3pCQAQ"
"LatAmENT","Latam Region","LATAM_Info_Christmas_MSeg_Dec2023","Paola Yanez","Email","Email","Offer Email","Other","0","78","11-21-2023","11-21-2023","PUSH TO TALK","In Progress","","","","","0","USD","0.00","0","USD","0.00","","","","7014X0000022qnsQAA","7014X0000022qnsQAA"
"","Latam Region","NETWORKS_Info_Newsletter_Ent_Dec2023","Paola Yanez","Email","Email","Offer Email","Brand Awareness","0","48","11-16-2023","11-16-2023","PUSH TO TALK","In Progress","","","","","0","USD","0.00","0","USD","0.00","","","","7014X0000022qj2QAA","7014X0000022qj2QAA"
"LatAmENT","Latam Region","LATAM_Prod_SDWAN_Ent_Oct2023","Paola Yanez","Email","Email","Offer Email","Other","0","0","09-13-2023","09-13-2023","Security","Completed","USD","1855.00","USD","5000.00","0","USD","0.00","0","USD","0.00","USD","1855.00","-100.0000000000","7014X0000036WaoQAE","7014X0000036WaoQAE"
"LatAmENT","Latam Region","LATAM_Prod_Ciberseguridad_Ent_Oct2023","Paola Yanez","Email","Email","Offer Email","Other","0","0","10-11-2023","10-11-2023","PUSH TO TALK","Completed","","","","","0","USD","0.00","0","USD","0.00","USD","3450.00","-100.0000000000","7014X000002XShfQAG","7014X000002XShfQAG"
"LatAmENT","Latam Region","LATAM_Prod_Ciberseguridad_Ent_Oct2023_e","Paola Yanez","Email","Email","Offer Email","Other","0","118","10-11-2023","10-11-2023","PUSH TO TALK","In Progress","","","","","0","USD","0.00","0","USD","0.00","","","","7014X000002XShkQAG","7014X000002XShkQAG"
"LatAmENT","Latam Region","LATAM_Prod_Ciberseguridad_Ent_Oct2023_SMO","Paola Yanez","Advertisement","Media","Social Media","Other","0","137","10-11-2023","10-11-2023","PUSH TO TALK","In Progress","","","","","0","USD","0.00","0","USD","0.00","","","","7014X000002XShuQAG","7014X000002XShuQAG"
"LatAmENT","Latam Region","LATAM_Event_DataCenter-Security Summit_Jun2024","Paola Yanez","Advertisement","Event","Physical","Brand Awareness","0","0","05-08-2024","06-05-2024","Security","In Progress","","","","","0","USD","0.00","0","USD","0.00","","","","7014X000001z3osQAA","7014X000001z3osQAA"
"LatAmENT","Latam Region","LATAM_Prod_Ciberseguridad_Ent_Oct2023_SMP","Paola Yanez","Advertisement","Media","Social Media","Other","0","79","10-11-2023","10-11-2023","PUSH TO TALK","In Progress","","","","","0","USD","0.00","0","USD","0.00","","","","7014X000002XShpQAG","7014X000002XShpQAG"
"LatAmRegional","Latam Region","LATAM_Event_VIPLinks_apr2024","Paola Yanez","Advertisement","Event","Special Event","Lead Generation","0","25","03-11-2024","04-24-2024","Cloud IT; Security","In Progress","USD","239000.00","","","18","USD","146705.00","13","USD","42505.00","USD","316264.00","-86.5602787545","7014X0000022s2tQAA","7014X0000022s2tQAA"
"NetworksRegional","Latam Region","NETWORKS_Event_VIPLinks_apr2024","Paola Yanez","Advertisement","Event","Physical","Lead Generation","0","20","01-12-2024","04-23-2024","Networking & Connectivity","In Progress","USD","228000.00","","","0","USD","0.00","0","USD","0.00","USD","102811.00","-100.0000000000","7014X000002zSaFQAU","7014X000002zSaFQAU"
"LatAmRegional","Latam Region","LATAM_Event_Educationsummit_ent_Mar2024","Paola Yanez","Advertisement","Event","Physical","Lead Generation","0","19","01-24-2024","03-13-2024","Networking & Connectivity; Security","Completed","USD","50000.00","","","16","USD","1030362.33","2","USD","4049.49","USD","52000.00","-92.2125118976","7014X000002zSx9QAE","7014X000002zSx9QAE"
"LatAmENT","Latam Region","LATAM_Prod_Xsell_Ent_IaaS-DDoSLarge_Apr2023","Paola Yanez","Email","Email","Offer Email","Sales Tracking","9409","34","04-19-2023","04-19-2023","It Solution - IaaS; Security - DDoS","In Progress","","","","","1","USD","0.00","0","USD","0.00","USD","6000.00","-100.0000000000","7014X000002PO9WQAW","7014X000002PO9WQAW"
"","Latam Region","NETWORKS_Info_Newsletter_Ent_Aug2023","Paola Yanez","Email","Email","Offer Email","Other","0","2","08-10-2023","08-10-2023","PUSH TO TALK","In Progress","","","","","0","USD","0.00","0","USD","0.00","","","","7014X000002enzuQAA","7014X000002enzuQAA"
"LatAmENT","Latam Region","LATAM_Info_Rebranding_Ent_May2023","Roxanna Mateo","Email","Email","Offer Email","Brand Awareness","0","12","05-25-2023","05-25-2023","PUSH TO TALK","In Progress","","","","","0","USD","0.00","0","USD","0.00","","","","7014X000002ee8HQAQ","7014X000002ee8HQAQ"
"","Latam Region","NETWORKS_Event_IXSY_Ent_Mar2024","Roxanna Mateo","Advertisement","Event","Physical","Brand Awareness","0","1","03-27-2024","03-27-2024","Networking & Connectivity","In Progress","","","","","0","USD","0.00","0","USD","0.00","","","","7014X0000022sEAQAY","7014X0000022sEAQAY"
"LatAmENT","Latam Region","LATAM_Info_Newsletter_Ent_Apr2024","Roxanna Mateo","Advertisement","Email","Content","Brand Awareness","0","51","04-03-2024","04-03-2024","Other","In Progress","","","","","0","USD","0.00","0","USD","0.00","","","","7014X000001z3RDQAY","7014X000001z3RDQAY"
"LatAmSMB","Latam Region","LATAM_Prod_Awareness_Mid_Aug2023","Roxanna Mateo","Email","Email","Offer Email","Other","0","0","08-18-2023","08-18-2023","PUSH TO TALK","In Progress","","","","","0","USD","0.00","0","USD","0.00","","","","7014X000002epA3QAI","7014X000002epA3QAI"
"LatAmENT","Latam Region","LATAM_Enterprise_Event_VIPLinks_Jun2023","Paola Yanez","Special Events","Event","Physical","Brand Awareness","121","32","03-28-2023","06-21-2023","Security; It Solution","Completed","USD","175000.00","USD","15300.00","0","USD","0.00","0","USD","0.00","USD","183163.00","-100.0000000000","7014X000001yq3EQAQ","7014X000001yq3EQAQ"
